Content,Video title,Video publish time,Duration,Engaged views,Average percentage viewed (%),Stayed to watch (%),Unique viewers,Unique reach,Views (co-viewed),Average views per viewer,New viewers,Returning viewers,Casual viewers,Regular viewers,Hypes,Hype points,Subscribers gained,Subscribers lost,Likes,Dislikes,Likes (vs. dislikes) (%),Shares,Comments added,YouTube Premium views,YouTube Premium watch time (hours),End screen element clicks,End screen elements shown,Clicks per end screen element shown (%),Card clicks,Cards shown,Clicks per card shown (%),Card teaser clicks,Card teasers shown,Teaser clicks per card teaser shown (%),Views,Watch time (hours),Subscribers,Average view duration,Thumbnail impressions,Thumbnail click-through rate (%)
Total,,,,67409,18.14,47,0,85363,52831,0,0,0,0,0,0,0,170,22,1607,30,98.17,95,32,18936,351.4117,12,717,1.67,0,0,0,0,0,0,124516,1618.7623,148,0:01:25,451559,2.93
lmZtKjzyYho,kyousuke | 1.44 Rating | Spirit vs Falcons | Dust2 | Semi-final | IEM Cologne Major 2026,"Jun 23, 2026",2296,2682,16.62,,,2404,66,,,,,,0,0,5,1,29,1,96.67,1,1,622,68.2574,0,0,,0,0,,0,0,,2684,284.2652,4,0:06:21,72600,2.66
_ICRj3i6uiQ,NiKo | 1.73 Rating | FURIA vs Falcons | Inferno | Grand Final | IEM Cologne Major 2026,"Jun 28, 2026",1951,2576,17.44,,,2336,54,,,,,,0,0,5,0,33,0,100,3,3,529,59.357,6,230,2.61,0,0,,0,0,,2576,243.4641,5,0:05:40,62510,3.17
QYxOrNcxkY4,makazze's 4K vs MongolZ on Inferno #cs2 #counterstrike #esportworldcup2026,"Aug 20, 2026",41,1424,69.52,73.32,,1785,2227,,,,,,0,0,0,0,28,0,100,0,0,410,1.9693,0,0,,0,0,,0,0,,2217,11.4556,0,0:00:28,736,1.22
GbFgtPgJMu8,donk casually drops a 4K in EWC #cs2 #counterstrike #esportsworldcup2026 #Shorts,"Aug 18, 2026",21,1265,88.61,64.17,,1779,2515,,,,,,0,0,2,0,25,0,100,0,0,332,0.8505,0,0,,0,0,,0,0,,2467,6.8536,2,0:00:18,4297,2.72
Q4sLcCbvHmM,ZywOo's 4K vs Spirit on Nuke #cs2 #counterstrike #esportworldcup2026,"Aug 24, 2026",21,1189,88.06,58.48,,1791,2483,,,,,,0,0,1,0,31,0,100,0,1,480,1.2932,0,0,,0,0,,0,0,,2470,6.4601,1,0:00:18,483,2.9
J4DRWfhp2Pc,donk's 4K vs BIG on Mirage #cs2 #counterstrike #esportworldcup2026,"Aug 19, 2026",45,1126,69.36,68.6,,1504,1936,,,,,,0,0,1,0,24,0,100,0,0,314,1.5401,0,0,,0,0,,0,0,,1925,9.986,1,0:00:31,309,0.65
E3gjKDmTJI0,donk's INSANE ACE with DEAGLE and M4 against B8 #cs2 #counterstrike #esportworldcup2026,"Aug 21, 2026",86,1095,57.28,64.58,,1507,2007,,,,,,0,0,0,0,46,0,100,3,1,356,2.5916,0,0,,0,0,,0,0,,1984,15.1908,0,0:00:49,1530,2.35
dSq-Qi1PQ6g,kashl1d's Cache B site one-man exec #cs2 #ewc2026 #esportsworldcup2026 #utility,"Aug 25, 2026",39,1060,53.41,55.04,,1618,1970,,,,,,0,0,0,0,30,0,100,5,0,384,1.3777,0,0,,0,0,,0,0,,1955,6.5168,0,0:00:20,3395,0.56
6jEdcO0QUtA,HeavyGod's AK 4K against level 10 faceit players #cs2 #counterstrike #Shorts,"Aug 12, 2026",33,989,71.17,47.71,,1809,2216,,,,,,0,0,2,1,12,0,100,0,0,331,1.021,0,0,,0,0,,0,0,,2201,6.877,1,0:00:23,525,2.48
PhdFcf5FahU,donk's DEAGLE 4K vs B8 on Dust2 #cs2 #counterstrike #esportworldcup2026,"Aug 22, 2026",21,956,87.88,72.3,,1177,1750,,,,,,0,0,2,0,27,0,100,6,0,266,0.7754,0,0,,0,0,,0,0,,1744,5.0534,2,0:00:18,1976,11.23
w9RfisZ2F-Y,tN1R's 4K vs FUT on Anubis #cs2 #counterstrike #esportworldcup2026,"Aug 26, 2026",41,917,59.53,63.72,,1311,1617,,,,,,0,0,0,0,33,0,100,0,2,243,0.9786,0,0,,0,0,,0,0,,1608,6.4607,0,0:00:24,786,4.71
FPaWG-268cY,donk casually drops an ACE against Dendele on Cache #cs2 #counterstrike #blastopenporto2026,"Aug 29, 2026",26,914,75.57,62.87,,1357,1822,,,,,,0,0,0,0,30,0,100,1,0,288,0.9549,0,0,,0,0,,0,0,,1808,5.2166,0,0:00:19,1989,2.41
miXsOJYRO9k,try pulls off a 2v5 CLUTCH vs NAVI on Inferno #cs2 #counterstrike #esportworldcup2026,"Aug 23, 2026",27,912,74.2,63.78,,1263,1669,,,,,,0,0,0,0,17,0,100,0,0,261,0.872,0,0,,0,0,,0,0,,1660,5.2649,0,0:00:20,463,1.94
npHo9aFSrG4,HeavyGod's 4K against MAGIXX and DONK #cs2 #counterstrike #Shorts,"Aug 15, 2026",30,856,74.31,56.55,,1318,1734,,,,,,0,0,0,0,15,0,100,0,0,276,0.9078,0,0,,0,0,,0,0,,1729,5.5913,0,0:00:22,209,1.44
h42q4G06JhU,w0nderful's INSANE ACE (5K) vs Legacy on Inferno #cs2 #counterstrike #esportworldcup2026,"Aug 23, 2026",29,781,84.46,57.89,,1208,1578,,,,,,0,0,1,0,28,0,100,0,0,279,0.9374,0,0,,0,0,,0,0,,1570,5.5383,1,0:00:24,662,0.76
ojMLFDARRX0,magixx pulls off an ACE against Liquid on Anubis #cs2 #csgo #counterstrike #cs2anubis,"Aug 2, 2026",31,757,85.61,60.21,,1096,1350,,,,,,0,0,0,0,28,0,100,1,0,226,0.6932,0,0,,0,0,,0,0,,1330,5.7541,0,0:00:26,431,2.32
R93ZQx5AiEo,donk's 4K vs FUT on Nuke #cs2 #counterstrike #esportworldcup2026,"Aug 26, 2026",26,743,93.2,55.6,,1170,1568,,,,,,0,0,0,0,22,0,100,0,1,250,0.671,0,0,,0,0,,0,0,,1553,5.2298,0,0:00:24,716,2.93
RU0XQnohpxM,faveN's 4K vs Spirit on Cache #cs2 #counterstrike #esportworldcup2026,"Aug 18, 2026",26,735,72.92,57.9,,1140,1436,,,,,,0,0,0,0,22,0,100,0,0,294,0.8296,0,0,,0,0,,0,0,,1435,4.0918,0,0:00:18,591,1.18
paFfy51Xaww,1v3 against NaVi? No problem for JBa #cs2 #counterstrike #blastopenporto2026,"Aug 28, 2026",40,682,63.97,57.21,,1092,1212,,,,,,0,0,0,0,27,0,100,0,0,190,0.7669,0,0,,0,0,,0,0,,1206,5.0637,0,0:00:25,132,1.52
bZJ7rjM-tsw,gr1ks pulls off a 1v3 CLUTCH vs Spirit on Dust2 #cs2 #counterstrike #esportworldcup2026,"Aug 19, 2026",16,622,105.74,51.28,,1067,1382,,,,,,0,0,0,0,26,0,100,3,0,209,0.4429,0,0,,0,0,,0,0,,1367,3.1373,0,0:00:16,623,3.53
RgLh5snoG7Y,karrigan | FURIA vs Falcons | Anubis | IEM Cologne Major 2026 | W/ Inputs + Util Overlay,"Jul 10, 2026",1491,617,12.74,,,574,47,,,,,,0,0,4,1,8,0,100,0,0,165,8.1715,0,0,,0,0,,0,0,,625,32.5682,3,0:03:10,16630,2.59
h2aZRiklUSs,donk's 1v3 Clutch + 4K vs MOUZ #cs2 #counterstrike #blastbounty2026 #Shorts,"Aug 3, 2026",52,605,92.58,66.92,,811,1042,,,,,,0,0,1,0,16,0,100,0,2,164,0.9541,0,0,,0,0,,0,0,,1036,8.209,1,0:00:48,281,3.56
5xzHNdk5O4Q,kyousuke | 1.66 Rating | FURIA vs Falcons | Anubis | Grand Final | IEM Cologne Major 2026,"Jul 6, 2026",1741,599,15.94,,,528,23,,,,,,0,0,2,0,12,0,100,1,0,117,8.7338,0,0,,0,0,,0,0,,603,46.1644,2,0:04:37,12975,3.28
JYzHv9JoPU8,tN1R's 4K vs Dendele on Cache #cs2 #counterstrike #blastopenporto2026,"Aug 28, 2026",33,586,66.67,48.87,,1051,1309,,,,,,0,0,1,0,17,0,100,0,0,211,0.6716,0,0,,0,0,,0,0,,1299,3.8092,1,0:00:22,572,1.4
Sg3vZ_fAzTk,kyousuke dropping a 4K against 3.2K ELOs #cs2 #counterstrike #Shorts,"Aug 14, 2026",65,564,49.13,63.51,,794,936,,,,,,0,0,0,0,20,0,100,0,0,163,1.0313,0,0,,0,0,,0,0,,930,5.1358,0,0:00:31,124,1.61
vMiabM775qg,NiKo pulls off a 1v3 CLUTCH vs MongolZ by TAPPING on Dust2 #cs2 #counterstrike #esportworldcup2026,"Aug 22, 2026",33,564,60.61,54.44,,900,1006,,,,,,0,0,0,0,19,0,100,0,0,163,0.4958,0,0,,0,0,,0,0,,1000,3.3082,0,0:00:20,748,0.8
uvzsv_IUZn4,kyousuke casually drops an AK ACE against 3.1k ELOs #cs2 #counterstrike #Shorts,"Aug 11, 2026",64,563,45.45,60.93,,857,1026,,,,,,0,0,0,0,14,0,100,0,1,173,0.8561,0,0,,0,0,,0,0,,1017,4.695,0,0:00:29,214,1.4
ncOZl2iXrXs,b1t dropping a 4K against M80 #cs2 #counterstrike #blastopenporto2026,"Aug 27, 2026",34,563,65.19,40.89,,1228,1515,,,,,,0,0,0,0,19,0,100,0,0,250,0.6201,0,0,,0,0,,0,0,,1505,3.7615,0,0:00:22,523,1.72
IJT11WfkziQ,Top Dust 2 Smokes used During CAC 2026,"Jun 11, 2026",1194,545,11.94,,,461,20,,,,,,0,0,10,1,25,0,100,4,2,148,6.5346,0,15,0,0,0,,0,0,,545,21.5867,9,0:02:22,9036,4.22
nsu--vfiaVw,2v5? No problem for jL 💀 (5K Ace) #cs2 #counterstrike #Shorts,"Aug 13, 2026",91,533,51.43,58.19,,801,968,,,,,,0,0,1,0,27,0,100,0,0,148,1.1419,0,0,,0,0,,0,0,,958,7.0656,1,0:00:46,111,1.8
gvVyqWP99bA,Best Smoke Lineups for B Short on Ancient (CAC2026) - Part 1  #csgo #cs2 #counterstrike #cs2ancient,"Jun 8, 2026",56,528,34.5,60.39,,772,0,,,,,,0,0,0,0,8,1,88.89,1,0,131,0.4923,0,0,,0,0,,0,0,,841,2.9319,0,0:00:19,131,4.58
rZ3OkRuAH1Y,Every Nuke Diagonal Smoke Variations used during CAC 2026 #cs2 #csgo #counterstrike,"Jun 3, 2026",83,526,32.91,60.55,,755,2,,,,,,0,0,0,0,12,1,92.31,0,0,165,0.9702,0,0,,0,0,,0,0,,829,4.123,0,0:00:27,231,1.3
MWYdY67il60,The Perfect Mid-to-B Smokes Pros Use to Take B (CAC 2026) #csgo #cs2 #counterstrike #cs2dust2,"Jun 11, 2026",80,525,22.88,58.05,,744,0,,,,,,0,0,1,0,17,0,100,0,0,129,0.489,0,0,,0,0,,0,0,,816,2.8,1,0:00:18,184,1.09
N9oOMXFPmWU,Smokes for Bottom Banana on Inferno  #cs2 #csgo #counterstrike #cs2inferno,"Jun 6, 2026",40,525,47.13,56.63,,811,0,,,,,,0,0,3,0,13,0,100,0,0,163,0.6324,0,0,,0,0,,0,0,,908,2.908,3,0:00:18,47,2.13
C4hmlsfB8V4,jcobbb 5K ACE in EWC 2026 #cs2 #counterstrike #esportsworldcup2026 #Shorts,"Aug 17, 2026",54,517,77.53,56.95,,795,976,,,,,,0,0,1,0,15,0,100,0,0,148,1.7773,0,0,,0,0,,0,0,,971,6.1904,1,0:00:41,585,2.56
FOkDF9kiidk,donk's ACE vs Dendele on Cache #cs2 #counterstrike #blastopenporto2026,"Aug 29, 2026",33,517,68.08,55,,851,1047,,,,,,0,0,2,0,6,0,100,0,0,227,0.8149,0,0,,0,0,,0,0,,1042,3.3947,2,0:00:22,455,1.76
Hk_G9zVXpC4,JBOEN drops a 4K vs Legacy #cs2 #counterstrike #esportsworldcup2026 #Shorts,"Aug 16, 2026",23,514,79.47,64.74,,725,1017,,,,,,0,0,0,0,9,0,100,1,1,140,0.4231,0,0,,0,0,,0,0,,1013,2.7239,0,0:00:18,507,4.34
7IDst6Rismg,Stop Pushing Dust 2 B Site Without This Smoke #csgo #cs2 #counterstrike #cs2dust2,"Jun 11, 2026",43,508,64.23,37.08,,1144,0,,,,,,0,0,1,0,6,1,85.71,1,0,190,0.5212,0,0,,0,0,,0,0,,1314,4.215,1,0:00:27,54,5.56
YmDBK37oeiY,CT Elbow Smokes for Taking A on Ancient - Part 1  #csgo #cs2 #counterstrike #cs2ancient,"Jun 9, 2026",40,505,41.33,45.98,,943,0,,,,,,0,0,0,0,13,1,92.86,0,0,151,0.3246,0,0,,0,0,,0,0,,1060,2.5198,0,0:00:16,83,2.41
iA4tKX2KZns,Top Donut Smokes to Take Mid Control on Ancient (CAC 2026)  #csgo #cs2 #counterstrike #cs2ancient,"Jun 7, 2026",41,505,38.51,49.07,,875,1,,,,,,0,0,1,0,19,0,100,0,0,174,0.4941,0,0,,0,0,,0,0,,972,2.4025,1,0:00:15,244,2.05
fOnG4DcjuVk,Best Flashes to Defend an A Push on Inferno #csgo #cs2 #counterstrike #cs2inferno,"Jun 5, 2026",61,504,30.28,53.5,,828,0,,,,,,0,0,0,0,8,0,100,0,0,123,0.3984,0,0,,0,0,,0,0,,880,2.7414,0,0:00:18,56,1.79
A9oZYqEguv8,CT Elbow Smokes for Taking A on Ancient - Part 2  #csgo #cs2 #counterstrike #cs2ancient,"Jun 9, 2026",42,503,43.07,38.93,,1146,0,,,,,,0,0,0,0,10,2,83.33,0,0,158,0.3222,0,0,,0,0,,0,0,,1245,2.8092,0,0:00:18,39,2.56
NgIgP063brQ,Pro's Lineups for Smoking B Long on Ancient (CAC 2026) - Part 2 #csgo #counterstrike #cs2ancient,"Jun 8, 2026",39,501,43.68,48.88,,922,0,,,,,,0,0,0,0,14,0,100,0,0,203,0.5892,0,0,,0,0,,0,0,,1010,2.5817,0,0:00:17,116,0.86
63EcDVu7QQ8,Motor Smoke Every Inferno Player Should Know #csgo #cs2 #counterstrike,"Jul 2, 2026",36,498,51.41,44.42,,944,0,,,,,,0,0,0,0,4,0,100,0,0,139,0.4629,0,0,,0,0,,0,0,,1057,2.7719,0,0:00:18,47,2.13
EQu6XAWlEL0,Best Smoke Lineups for B Short on Ancient (CAC2026) - Part 2  #csgo #cs2 #counterstrike #cs2ancient,"Jun 8, 2026",20,494,70.51,34.53,,1215,1,,,,,,0,0,0,0,9,2,81.82,0,0,192,0.3206,0,0,,0,0,,0,0,,1385,2.2653,0,0:00:14,137,2.92
5iGdML99gtI,Pro's Lineups for Smoking B Long on Ancient (CAC 2026) - Part 1 #csgo #counterstrike #cs2ancient,"Jun 8, 2026",42,488,48.95,47.72,,844,2,,,,,,0,0,0,0,17,2,89.47,2,0,171,1.063,0,0,,0,0,,0,0,,968,2.9823,0,0:00:20,158,0.63
Bn9H3JprNyE,Every Dust 2 Mid Doors Smoke the Pros Used During CAC 2026 - Part 1,"Jun 12, 2026",81,487,22.1,60.55,,655,1,,,,,,0,0,0,0,11,0,100,0,0,145,0.4675,0,0,,0,0,,0,0,,762,2.5295,0,0:00:17,550,2.36
2CpmyZLk5sE,karrigan | FURIA vs Falcons | Inferno | IEM Cologne Major 2026 | Input + Utility Overlay,"Jul 8, 2026",1824,466,16.49,,,431,5,,,,,,0,0,1,0,4,0,100,0,1,125,7.9811,0,50,0,0,0,,0,0,,466,38.9387,1,0:05:00,20861,1.46
fd8_q2By-q0,META Red Room Smokes for Taking Mid Control on Ancient (CAC 2026) #csgo #cs2 #counterstrike #cs2anc…,"Jun 10, 2026",83,435,27.1,53.19,,707,0,,,,,,0,0,1,0,11,0,100,1,0,139,0.5047,0,0,,0,0,,0,0,,782,2.8547,1,0:00:22,111,0.9
EQcL7m7jssI,donk's 4K against Liquid on Anubis #cs2 #csgo #counterstrike #cs2anubis #Shorts,"Aug 3, 2026",42,434,57.57,53.98,,693,782,,,,,,0,0,0,0,11,0,100,0,0,140,0.5004,0,0,,0,0,,0,0,,771,3.0418,0,0:00:24,213,0.94
9DlB9sCLwvQ,AZUWU's 4K vs Spirit #cs2 #counterstrike #esportsworldcup2026 #Shorts,"Aug 17, 2026",37,422,64.12,61.61,,614,826,,,,,,0,0,0,0,5,0,100,0,0,121,0.4267,0,0,,0,0,,0,0,,822,2.89,0,0:00:23,364,1.1
OSXdVuOVw_Y,asap | 2.04 Rating | MIBR vs THUNDER dOWNUNDER | Inferno | Swiss round | IEM Cologne Major 2026,"Jun 3, 2026",1539,415,16.63,,,424,616,,,,,,0,0,0,0,6,0,100,2,2,75,6.0239,2,78,2.56,0,0,,0,0,,641,29.6444,0,0:04:15,1402,23.25
a4UwsRsFoo0,Smokes for Bottom Banana on Inferno Part 2 #csgo #cs2 #counterstrike,"Jul 1, 2026",49,412,37.1,56.61,,650,0,,,,,,0,0,0,0,6,0,100,1,1,84,0.3008,0,0,,0,0,,0,0,,690,2.2052,0,0:00:18,59,3.39
4_h35rik8zM,The Arch Smoke Every T Should Learn (IEM Cologne Major 2026) #cs2 #csgo #counterstrike #cs2inferno,"Jul 11, 2026",57,410,32.52,24.82,,1197,1,,,,,,0,0,0,0,3,0,100,0,0,89,0.1769,0,0,,0,0,,0,0,,1180,2.4042,0,0:00:18,136,2.94
XjgsnTgFxXs,Half-Wall Smokes for Banana Control (IEM Cologne Major 2026) #cs2 #csgo #counterstrike #cs2inferno,"Jul 7, 2026",29,406,65.66,45.72,,788,0,,,,,,0,0,0,0,4,0,100,0,0,157,0.3947,0,0,,0,0,,0,0,,894,2.3474,0,0:00:19,169,0
jGPZ6tpsv3M,Best Ebox Smokes for Canal Control Part 3 (IEM Cologne Major 2026) #cs2 #csgo #counterstrike #cs2an…,"Jul 17, 2026",75,389,30.48,49.74,,660,3,,,,,,0,0,0,0,8,0,100,0,0,101,0.3941,0,0,,0,0,,0,0,,739,2.6033,0,0:00:22,435,0.46
m0tFDmgeQMo,Staehr holds off Falcons - 1v3 4k Clutch #cs2 #counterstrike #esportsworldcup2026 #Shorts,"Aug 15, 2026",45,379,52.01,54.93,,607,709,,,,,,0,0,0,0,13,0,100,0,0,102,0.3724,0,0,,0,0,,0,0,,700,2.569,0,0:00:23,86,4.65
NB3r_V_KWHI,Best Camera Smokes for A Site Executes (IEM Cologne Major 2026) #cs2 #csgo #counterstrike #cs2anubis,"Jul 23, 2026",38,377,42.21,36.25,,853,4,,,,,,0,0,0,0,3,0,100,0,0,153,0.3223,0,0,,0,0,,0,0,,944,1.9299,0,0:00:16,288,0.69
QWgQR-TskOM,Top Ancient Smokes Used by Pros During CAC 2026,"Jun 8, 2026",788,375,13.95,,,321,69,,,,,,0,0,0,0,6,1,85.71,1,0,108,3.1354,0,26,0,0,0,,0,0,,397,11.4567,0,0:01:49,2437,10.96
9gvnkjZqkmQ,Best Stairs Smokes for Water Control (IEM Cologne Major 2026) #cs2 #csgo #counterstrike #cs2anubis,"Jul 13, 2026",85,370,27.15,47.55,,668,4,,,,,,0,0,0,0,8,0,100,0,0,126,0.4167,0,0,,0,0,,0,0,,725,2.5287,0,0:00:23,433,0.92
kFJ_HqiQ-nE,Mirage Market Smoke Variations For B Push And Retake Defense (CAC 2026) Part 1,"Jun 21, 2026",45,368,33.33,41.72,,730,2,,,,,,0,0,0,0,5,1,83.33,0,0,102,0.2733,0,0,,0,0,,0,0,,800,1.7267,0,0:00:14,211,1.42
ziv0yHhPaRg,Every Variation of Long A Cross Smoke used during CAC 2026 Part 1 #csgo #cs2 #counterstrike #cs2dus…,"Jun 14, 2026",63,365,38.04,63.32,,517,0,,,,,,0,0,0,0,15,0,100,0,0,87,0.3335,0,0,,0,0,,0,0,,577,2.4997,0,0:00:23,147,3.4
HZ7yeldSbX0,Pros Use These Window Smokes on Mirage during CAC 2026 (Part 1)#csgo #cs2 #counterstrike #cs2mirage,"Jun 22, 2026",46,365,41.39,31.58,,887,0,,,,,,0,0,0,0,8,0,100,0,0,77,0.2006,0,0,,0,0,,0,0,,940,2.1711,0,0:00:19,623,0.48
T0ItSkNuKog,Best B Main Lurk Smokes for B Executes (IEM Cologne Major 2026) #cs2 #csgo #counterstrike #cs2anubis,"Jul 18, 2026",73,358,24.98,36.13,,834,3,,,,,,0,0,0,0,3,0,100,1,0,135,0.3128,0,0,,0,0,,0,0,,876,2.0404,0,0:00:18,661,0.91
sRCr-iWeUqg,Pros Use These Window Smoke on Mirage during CAC 2026 (Part 2) #csgo #cs2 #counterstrike #cs2mirage,"Jun 23, 2026",44,356,48.24,32.51,,878,0,,,,,,0,0,0,0,7,0,100,0,0,89,0.4362,0,0,,0,0,,0,0,,942,2.3497,0,0:00:21,179,2.79
_NEVigXF_VU,Best A Main Exit Smokes for A Executes (IEM Cologne Major 2026) #cs2 #csgo #counterstrike #cs2anubis,"Jul 25, 2026",78,350,25.18,38.13,,773,5,,,,,,0,0,0,0,4,0,100,0,0,154,0.3427,0,0,,0,0,,0,0,,819,2.0934,0,0:00:19,293,0
dO85A3uLspk,Mid Banana Smokes for Safer CT Control (IEM Cologne Major 2026) #cs2 #csgo #counterstrike #cs2infer…,"Jul 9, 2026",45,346,52.53,49.01,,611,1,,,,,,0,0,0,0,8,0,100,0,0,82,0.3638,0,0,,0,0,,0,0,,673,2.417,0,0:00:23,269,1.86
y8frUgOdQFY,Motor Smoke Every Inferno Player Should Know Part 2 #csgo #cs2 #counterstrike,"Jul 2, 2026",34,346,49.01,35.38,,761,0,,,,,,0,0,0,0,5,0,100,0,0,80,0.2333,0,0,,0,0,,0,0,,801,1.7914,0,0:00:16,155,1.94
xchB7rp1Ma8,Don't Push Mid on Mirage Without These Cross Smokes (CAC 2026) Part 3 #cs2 #mirage,"Jun 25, 2026",51,344,35.3,31.24,,862,0,,,,,,0,0,0,0,8,1,88.89,0,0,86,0.2392,0,0,,0,0,,0,0,,893,1.936,0,0:00:18,95,2.11
NOyvCD2R6aA,Top Banana Defense Smokes Every CT Should Know Part 2 #csgo #cs2 #counterstrike,"Jun 29, 2026",42,343,39.1,47.44,,610,0,,,,,,0,0,0,0,2,0,100,0,0,57,0.1398,0,0,,0,0,,0,0,,586,1.6874,0,0:00:16,111,0.9
DQdkJ-bQINA,Triple Smoke the Pros used During CAC2026 #csgo #cs2 #counterstrike #cs2mirage,"Jun 20, 2026",52,342,42.44,31.26,,896,0,,,,,,0,0,1,0,6,1,85.71,0,0,116,0.3748,0,0,,0,0,,0,0,,951,2.3305,1,0:00:22,51,0
wKTHYTu_HEQ,Every Variation of Long A Cross Smoke used during CAC 2026 Part 2 #csgo #cs2 #counterstrike #cs2dus…,"Jun 14, 2026",40,342,39.31,51.27,,585,0,,,,,,0,0,0,0,6,0,100,1,0,112,0.1948,0,0,,0,0,,0,0,,643,1.6115,0,0:00:15,49,4.08
HgtCgPL1o6U,META Ticket Smoke Used at CAC2026 #csgo #cs2 #counterstrike #cs2mirage,"Jun 20, 2026",39,341,38.83,39.2,,755,0,,,,,,0,0,0,0,5,1,83.33,0,0,108,0.3329,0,0,,0,0,,0,0,,787,1.6487,0,0:00:15,51,1.96
RJ8ntBHJzy0,Best Palace Smokes for B Site Executes (IEM Cologne Major 2026) #cs2 #csgo #counterstrike #cs2anubis,"Jul 20, 2026",51,341,34.2,33.66,,881,3,,,,,,0,0,0,0,5,0,100,0,0,150,0.2644,0,0,,0,0,,0,0,,926,1.8903,0,0:00:17,206,0.97
RCU1fQBnv4w,Pros Use These Window Smoke on Mirage during CAC 2026 (Part 3) #csgo #cs2 #counterstrike #cs2mirage,"Jun 23, 2026",44,340,81.34,33.93,,792,0,,,,,,0,0,1,0,10,0,100,0,0,69,0.1475,0,0,,0,0,,0,0,,830,3.5813,1,0:00:35,263,1.9
yVge1-XSkiE,Smokes for Bottom Banana on Inferno #csgo #cs2 #counterstrike,"Jun 30, 2026",29,339,57.11,23.71,,1041,0,,,,,,0,0,1,0,14,1,93.33,0,0,39,0.0979,0,0,,0,0,,0,0,,1128,1.8433,1,0:00:16,58,0
i4lF9sUhXWA,Pros use These Long A Corner Smokes to Entry A Doors Part 2 #csgo #cs2 #counterstrike #cs2dust2,"Jun 13, 2026",43,338,60.39,44.53,,641,0,,,,,,0,0,0,0,7,0,100,0,0,125,0.385,0,0,,0,0,,0,0,,710,2.5681,0,0:00:25,69,2.9
ziTdrSxBwuo,Don't Push Mid on Mirage Without These Cross Smokes (CAC 2026) Part 2 #cs2 #mirage,"Jun 25, 2026",49,338,41.38,29.37,,876,0,,,,,,0,0,0,0,4,1,80,0,0,83,0.2276,0,0,,0,0,,0,0,,943,2.159,0,0:00:20,105,1.9
PkY6mXW6Ljs,karrigan | FURIA vs Falcons | Mirage | IEM Cologne Major 2026 | W/ Inputs + Util Overlay,"Jul 12, 2026",1465,337,17.88,,,294,62,,,,,,0,0,1,0,7,0,100,1,1,65,5.0024,1,74,1.35,0,0,,0,0,,339,24.5244,1,0:04:21,8705,2.6
xjMyNl3mDF4,Best Window Smokes for Mid Control (IEM Cologne Major 2026) #cs2 #csgo #counterstrike #cs2anubis,"Jul 21, 2026",35,337,44.99,27.47,,994,3,,,,,,0,0,0,0,8,0,100,0,0,165,0.2642,0,0,,0,0,,0,0,,1071,1.7636,0,0:00:15,245,0
AfRX-gix9ME,Best CT Smokes for B Site Executes (IEM Cologne Major 2026) #cs2 #csgo #counterstrike #cs2anubis,"Jul 19, 2026",75,336,25.52,33.67,,853,3,,,,,,0,0,0,0,5,0,100,0,0,185,0.3504,0,0,,0,0,,0,0,,897,2.0429,0,0:00:19,144,2.08
RRDR7EgbucQ,Top Connector Smokes to Isolate A Site on Mirage Part 2 (CAC 2026) #csgo #cs2 #counterstrike #cs2mi…,"Jun 17, 2026",42,335,62.79,27.58,,868,0,,,,,,0,0,0,0,9,1,90,0,0,40,0.0753,0,0,,0,0,,0,0,,896,2.6752,0,0:00:26,356,0.84
rs9_wlLZD4k,The CT Smoke Every B Execute Needs on Inferno #csgo #cs2 #counterstrike,"Jul 5, 2026",34,334,54.56,35.8,,728,0,,,,,,0,0,2,0,3,0,100,2,0,61,0.2691,0,0,,0,0,,0,0,,782,1.91,2,0:00:18,56,1.79
ZY_5RESIxQQ,Best Arch Connector Smokes for A Takes #csgo #cs2 #counterstrike,"Jul 4, 2026",28,333,57.28,34.05,,779,0,,,,,,0,0,0,0,4,0,100,0,0,53,0.097,0,0,,0,0,,0,0,,822,1.6785,0,0:00:16,36,2.78
rDI135H1zyg,910 (24-12) 1.78 Rating POV | HEROIC vs MongolZ | Stage 1 round | Cache | BLAST Bounty 2026 S2,"Jul 27, 2026",1818,332,11.43,,,311,12,,,,,,0,0,1,0,5,0,100,0,0,65,4.1783,0,0,,0,0,,0,0,,332,19.1585,1,0:03:27,15654,1.57
AT0oH6UkDKM,Best Mid Smokes for T Side on Inferno Part 2 #csgo #cs2 #counterstrike,"Jul 8, 2026",34,330,63,25.76,,980,0,,,,,,0,0,0,0,9,0,100,0,0,80,0.1785,0,0,,0,0,,0,0,,1070,2.2788,0,0:00:21,42,7.14
IWdj_PLsd_c,Jungle Smokes used to Execute A Site during CAC 2026 Part 2 #csgo #cs2 #counterstrike #cs2mirage,"Jun 19, 2026",45,328,38.52,43.5,,627,0,,,,,,0,0,1,0,8,0,100,0,0,103,0.2683,0,0,,0,0,,0,0,,688,1.7425,1,0:00:17,243,0.82
a96mWYh-g9s,Best Mid Smokes for T Side on Inferno #csgo #cs2 #counterstrike,"Jul 8, 2026",34,327,47.6,37.5,,666,0,,,,,,0,0,0,0,2,0,100,0,0,61,0.1378,0,0,,0,0,,0,0,,722,1.636,0,0:00:16,25,4
exZeHqVL1eY,m0NESY | 2.13 Rating | FURIA vs Falcons | Anubis | Grand Final | IEM Cologne Major 2026,"Jun 25, 2026",2140,325,17.19,,,280,4,,,,,,0,0,0,0,2,0,100,2,0,90,10.7792,0,0,,0,0,,0,0,,325,33.2078,0,0:06:07,10428,2.11
f75RBLP1z3Y,Arch Connector Smoke Variations Pros Use #csgo #cs2 #counterstrike,"Jul 1, 2026",57,322,38.59,51.03,,547,0,,,,,,0,0,0,0,5,0,100,0,0,66,0.2342,0,0,,0,0,,0,0,,586,2.0889,0,0:00:21,57,5.26
peiK2QSydn0,The Coffin Smoke Every B Execute Needs #csgo #cs2 #counterstrike,"Jul 3, 2026",34,320,42.42,50.08,,564,0,,,,,,0,0,0,0,3,0,100,0,0,86,0.2232,0,0,,0,0,,0,0,,587,1.3978,0,0:00:14,41,2.44
2b3lPPkKrlA,Best Ebox Smokes for Canal Control Part 2 (IEM Cologne Major 2026) #cs2 #csgo #counterstrike #cs2an…,"Jul 16, 2026",71,319,56.55,38.87,,686,1,,,,,,0,0,1,1,12,0,100,0,0,101,0.2424,0,0,,0,0,,0,0,,763,3.7146,0,0:00:40,285,2.11
hIHHPVcnUHY,magixx (20-13) 1.57 Rating POV | FaZe vs Spirit | Dust2 | BLAST Bounty 2026 S2 Finals,"Aug 3, 2026",1513,318,15.98,,,364,543,,,,,,0,0,1,0,7,0,100,1,0,56,4.8877,0,0,,0,0,,0,0,,541,21.455,1,0:04:01,3875,5.65
1JLcZ0xnEhE,Best Apartments Smokes to Stop A Rush on Inferno #csgo #cs2 #counterstrike,"Jun 30, 2026",58,314,37.48,42.43,,606,0,,,,,,0,0,2,0,5,0,100,0,0,52,0.1681,0,0,,0,0,,0,0,,647,2.0227,2,0:00:21,50,2
lf0-d5C4TEY,Best Ebox Smokes for Canal Control (IEM Cologne Major 2026) #cs2 #csgo #counterstrike #cs2anubis,"Jul 15, 2026",81,313,27.78,40.03,,665,5,,,,,,0,0,0,0,7,0,100,1,0,96,0.3094,0,0,,0,0,,0,0,,700,2.1093,0,0:00:22,405,0.74
UKQB4IhsH5o,Pros use These Long A Corner Smokes to Entry A Doors Part 1 #csgo #cs2 #counterstrike #cs2dust2,"Jun 13, 2026",62,313,30.73,48.08,,538,0,,,,,,0,0,0,0,6,1,85.71,0,0,122,0.2901,0,0,,0,0,,0,0,,600,1.7529,0,0:00:19,63,4.76
L44OADh1mrk,Top Connector Smokes to Isolate A Site on Mirage Part 1 (CAC 2026) #csgo #cs2 #counterstrike #cs2mi…,"Jun 17, 2026",70,313,27.6,57.86,,457,0,,,,,,0,0,0,0,11,1,91.67,0,0,64,0.2646,0,0,,0,0,,0,0,,503,1.7544,0,0:00:19,207,0
w5yvn7OiRW4,Half-Wall Smokes for Banana Control on Inferno #csgo #cs2 #counterstrike,"Jul 6, 2026",30,312,52.26,37.23,,704,1,,,,,,0,0,1,0,7,0,100,0,0,65,0.1691,0,0,,0,0,,0,0,,767,1.5389,1,0:00:15,56,3.57
HJzsSleVz5Q,Pros use These Stairs Smokes to Take A on Mirage Part 1 #csgo #cs2 #counterstrike #cs2mirage,"Jun 18, 2026",60,312,26.48,41.66,,563,0,,,,,,0,0,1,0,9,0,100,0,0,31,0.1134,0,0,,0,0,,0,0,,568,1.4848,1,0:00:15,49,4.08
M-_5EarSajY,Use These Waterfall Smokes to Entry from Short (CAC 2026) Part 1 #csgo #cs2 #counterstrike #cs2dust2,"Jun 16, 2026",58,311,31.34,40.79,,637,0,,,,,,0,0,0,0,9,1,90,0,0,94,0.273,0,0,,0,0,,0,0,,672,1.7339,0,0:00:18,362,1.1
rgzO_ieKyM0,Pros Smokes to defend A Long Part 2 #csgo #cs2 #counterstrike #cs2dust2,"Jun 15, 2026",40,308,76.6,47.6,,557,0,,,,,,0,0,0,0,6,0,100,0,0,80,0.194,0,0,,0,0,,0,0,,620,2.7336,0,0:00:30,42,16.67
jYLqWWldwcE,Every Dust 2 Mid Doors Smoke the Pros Used During CAC 2026 - Part 2,"Jun 12, 2026",60,308,36.68,51.69,,510,0,,,,,,0,0,1,0,8,1,88.89,0,0,76,0.2759,0,0,,0,0,,0,0,,562,1.9887,1,0:00:22,326,1.53
T-WJNizcDgk,Mid Banana Smokes for Safer CT Control Part 2 (IEM Cologne Major 2026) #cs2 #csgo #counterstrike #c…,"Jul 9, 2026",54,306,47.64,43.97,,583,1,,,,,,0,0,0,0,4,0,100,0,0,76,0.3004,0,0,,0,0,,0,0,,635,2.3309,0,0:00:25,71,1.41
4S7z0rxb2Tc,Mid Banana Smokes to Take B Control (IEM Cologne Major 2026) #cs2 #csgo #counterstrike #cs2inferno,"Jul 10, 2026",30,306,68.1,34.15,,728,2,,,,,,0,0,1,0,4,0,100,0,0,94,0.2161,0,0,,0,0,,0,0,,810,1.9176,1,0:00:20,109,0.92
m-oHNyy7i5g,Pros Smokes to defend A Long Part 1 #csgo #cs2 #counterstrike #cs2dust2,"Jun 15, 2026",56,304,33.43,45.56,,544,0,,,,,,0,0,0,0,9,0,100,0,0,77,0.2303,0,0,,0,0,,0,0,,581,1.6725,0,0:00:18,44,9.09
oKmaFJ0XvFU,Half-Wall Smokes for Banana Control Part 2 (IEM Cologne Major 2026) #cs2 #csgo #counterstrike #cs2i…,"Jul 7, 2026",52,304,34.06,41.82,,610,0,,,,,,0,0,0,0,4,0,100,0,0,93,0.2774,0,0,,0,0,,0,0,,647,1.648,0,0:00:17,137,2.92
cQMHEq0NCJc,Use These Waterfall Smokes to Entry from Short (CAC 2026) Part 2 #csgo #cs2 #counterstrike #cs2dust2,"Jun 16, 2026",62,302,26.92,41.94,,599,0,,,,,,0,0,1,0,6,0,100,0,0,52,0.2003,0,0,,0,0,,0,0,,623,1.5405,1,0:00:16,74,1.35
uRGzgxhrQTE,The Coffin Smoke Every B Execute Needs Part 2 #csgo #cs2 #counterstrike,"Jul 3, 2026",53,299,32.69,35.51,,710,0,,,,,,0,0,1,0,4,0,100,0,0,94,0.25,0,0,,0,0,,0,0,,743,1.6438,1,0:00:17,64,1.56
oyvT-K_7fl0,Best B Connector Smokes to Cut CT Rotations (IEM Cologne Major 2026) #cs2 #csgo #counterstrike #cs2…,"Jul 22, 2026",67,288,24.71,34.16,,703,5,,,,,,0,0,2,1,3,0,100,0,0,123,0.2243,0,0,,0,0,,0,0,,749,1.5229,1,0:00:16,92,1.09
nwoTQ8uvWL8,NiKo | 1.73 | FURIA vs Falcons | Inferno | IEM Cologne Major 2026 | W/ Inputs + Utility Cams,"Jun 30, 2026",1946,281,18.21,,,258,5,,,,,,0,0,0,0,5,0,100,2,0,48,5.0961,0,0,,0,0,,0,0,,281,27.6619,0,0:05:54,4852,4.39
cx2MuIj80Ak,tn1r | 1.70 Rating | Spirit vs Falcons | Mirage | Semi-final,"Jun 24, 2026",1698,250,12.76,,,242,10,,,,,,0,0,0,0,1,0,100,0,0,63,4.1367,0,0,,0,0,,0,0,,255,15.0421,0,0:03:36,15499,1.03
x0a2Z7rRjQE,Best Heaven Smokes for A Site Executes (IEM Cologne Major 2026) #cs2 #csgo #counterstrike #cs2anubis,"Jul 24, 2026",83,247,23.4,39.84,,530,5,,,,,,0,0,0,0,6,0,100,0,0,88,0.1979,0,0,,0,0,,0,0,,568,1.4637,0,0:00:19,122,0
3NLjNLXh7-s,Team-Safe Flashes for Entering B on Overpass #cs2overpass #csgo #counterstrike,"Jun 10, 2026",53,232,23.54,45.49,,435,0,,,,,,0,0,0,0,5,0,100,0,0,71,0.1787,0,0,,0,0,,0,0,,471,0.9133,0,0:00:12,37,2.7
G7aF6WoM3fw,magixx | 1.41 Rating | Spirit vs Falcons | Mirage | Grand final | PGL Astana 2026,"May 19, 2026",1617,202,16.46,,,185,30,,,,,,0,0,1,0,6,0,100,1,0,32,3.2964,0,18,0,0,0,,0,0,,216,14.9393,1,0:04:26,3151,4.57
TlZEbFlJsOw,JBOEN (19-1) 2.04 Rating POV | DENDELE vs FaZe | W/ Utility Cams | Nuke | BLAST Bounty 2026 S2,"Jul 30, 2026",1207,194,16.92,,,181,150,,,,,,0,0,1,0,5,0,100,0,1,31,1.5231,0,0,,0,0,,0,0,,205,11.0113,1,0:03:24,4466,3.13
V6_PO5xqaHY,Best Support Flash to Defend B on Ancient (CAC 2026) #cs2 #csgo #counterstrike #counterstrike2,"Jun 4, 2026",42,188,40.66,41.14,,395,0,,,,,,0,0,0,0,3,0,100,0,0,60,0.1308,0,0,,0,0,,0,0,,442,0.992,0,0:00:17,64,0
jEeOkvTevpE,s1zzi | 2.01 Rating | BIG vs B8 | Overpass | Swiss round | IEM Cologne Major 2026,"Jun 12, 2026",1528,186,10.06,,,178,10,,,,,,0,0,0,0,5,0,100,0,0,47,2.3163,0,0,,0,0,,0,0,,192,7.9493,0,0:02:33,23255,0.54
dC7LM3fZqVU,kyousuke | Spirit vs Falcons | Anubis | IEM Cologne Major 2026 | W/ Inputs + Util Overlay,"Jul 22, 2026",2447,180,15.07,,,191,156,,,,,,0,0,1,0,5,0,100,0,0,25,2.5357,0,0,,0,0,,0,0,,231,18.4585,1,0:06:08,2295,5.75
8VoruDGi9s0,kyousuke | 1.66 | FURIA vs Falcons | Anubis | Grand Final | IEM Cologne Major 2026 | W/ Inputs +...,"Jul 3, 2026",1741,168,13.91,,,149,15,,,,,,0,0,0,0,2,1,66.67,1,0,29,2.1414,0,7,0,0,0,,0,0,,169,11.2999,0,0:04:02,2230,5.52
icx-2jyuWaA,Top Mirage Smokes Used During CAC 2026,"Jun 15, 2026",1237,157,10.47,,,139,4,,,,,,0,0,0,0,7,0,100,1,1,41,1.8713,0,10,0,0,0,,0,0,,157,5.6497,0,0:02:09,3485,2.96
-8dm0zZ6u_c,Aleksib | 1.11 Rating | NAVI vs Vitality | Inferno | Quarter-final | IEM Atlanta 2026,"May 20, 2026",1612,144,18.13,,,110,73,,,,,,0,0,1,0,6,1,85.71,1,0,27,2.7778,0,12,0,0,0,,0,0,,166,11.6986,1,0:04:52,1334,8.47
pNnsvDWcl1Q,wicadia | 2.08 Rating | Aurora vs BB | Nuke | Quarter-final | IEM Cologne Major 2026,"Jun 20, 2026",1329,140,16.54,,,129,5,,,,,,0,0,0,0,1,0,100,0,0,39,2.3601,0,0,,0,0,,0,0,,143,8.5497,0,0:03:39,10667,0.9
VkOpaP3IS9U,jcobbb | 1.29 | PARIVISION vs FaZe | Cache | Semi-final | XSE PL 2026 | W/ Inputs + Util Overlay,"Jul 20, 2026",2011,138,14.73,,,119,33,,,,,,0,0,1,0,4,0,100,0,2,30,2.0188,0,0,,0,0,,0,0,,141,11.3565,1,0:04:56,2162,4.39
nGeOLCMRuBE,latto (21-11) 1.87 Rating POV | Legacy vs Falcons | Mirage | Esports World Cup 2026,"Aug 22, 2026",1381,135,21.91,,,197,289,,,,,,0,0,1,0,1,0,100,0,0,32,3.438,0,0,,0,0,,0,0,,287,11.4076,1,0:05:02,623,14.45
0xs3BjsQZGI,m0NESY 4K vs Spirit on Match Point #cs2 #counterstrike #blastopenporto2026,"Sep 7, 2026",34,134,58.46,74.86,,175,291,,,,,,0,0,0,0,2,0,100,0,0,34,0.1323,0,0,,0,0,,0,0,,286,0.7707,0,0:00:19,739,10.96
L_IHGwL0-ow,Best Support Flash for Party on Overpass CT Side  #cs2overpass #counterstrike #conterstrike2,"Jun 6, 2026",41,132,38.42,29.01,,390,0,,,,,,0,0,0,0,4,0,100,0,0,67,0.1402,0,0,,0,0,,0,0,,410,0.7012,0,0:00:15,39,0
HZIkNOUO1sw,TeSeS | 1.98 Rating | Falcons vs Legacy | Ancient | Final | CAC 2026,"May 22, 2026",1618,131,11.71,,,157,97,,,,,,0,0,0,0,4,0,100,5,0,29,1.3749,0,8,0,0,0,,0,0,,177,6.9111,0,0:03:09,1723,5.75
lCw3kb5J5KM,EliGE (17-9) 1.75 Rating POV | Liquid vs G2 | W/ Utility Cams | Mirage | BLAST Bounty 2026 S2,"Jul 29, 2026",1396,124,17.84,,,116,79,,,,,,0,0,1,0,2,0,100,0,0,20,1.5508,0,0,,0,0,,0,0,,124,8.5781,1,0:04:09,3580,2.63
jn07sGJX6Uk,magixx (27-21) 1.12 Rating POV | FUT vs Spirit | Ancient | Esports World Cup 2026,"Aug 25, 2026",2136,121,13.44,,,147,208,,,,,,0,0,0,0,5,0,100,0,0,18,2.2922,0,0,,0,0,,0,0,,207,9.6807,0,0:04:47,616,13.31
XQA8MIEyY5E,NiKo | 1.38 Rating | Falcons vs MOUZ | Dust2 | Semi-final | CAC 2026,"May 30, 2026",1789,119,14.12,,,120,63,,,,,,0,0,0,0,1,0,100,0,0,31,2.1193,0,13,0,0,0,,0,0,,141,8.3555,0,0:04:12,1229,7.4
xB0qosPEB6E,kyousuke | 1.61 Rating | Falcons vs Legacy | Dust2 | Grand Final | CAC 2026,"May 24, 2026",1431,115,15.83,,,130,58,,,,,,0,0,0,0,1,0,100,0,0,22,1.4143,0,16,0,0,0,,0,0,,152,7.2496,0,0:03:46,2419,3.64
UwDW9N9FA4U,frozen (18-11) 1.33 Rating POV | FaZe vs Spirit | Cache | BLAST Bounty 2026 S2 Finals,"Aug 3, 2026",1792,113,12.47,,,108,120,,,,,,0,0,0,0,3,0,100,0,0,22,2.4127,0,0,,0,0,,0,0,,120,7.014,0,0:03:43,8219,0.9
B-0dn3t20LE,Twistzz | 1.48 | PARIVISION vs FaZe | Cache | XSE PL 2026 | W/ Inputs + Util Overlay,"Jul 16, 2026",2208,113,12,,,112,56,,,,,,0,0,1,0,3,0,100,3,0,31,2.4612,0,0,,0,0,,0,0,,137,8.3244,1,0:04:24,898,8.02
dkqF8yYw0xw,donk (18-10) 1.54 Rating POV | OG vs Spirit | Stage 1 round | Cache | BLAST Bounty 2026 S2,"Jul 25, 2026",1153,110,24.67,,,105,23,,,,,,0,0,0,0,1,0,100,0,1,21,1.1923,0,0,,0,0,,0,0,,112,8.6923,0,0:04:44,3804,1.95
HcHgCfhPDcQ,Krabeni (23-7) 3502 ELO vs ~3118 ELOs | Dust2 | FACEIT CS2 POV + VOICE COMMS,"Aug 19, 2026",784,110,19.31,,,134,185,,,,,,0,0,1,0,2,0,100,0,0,18,0.6882,0,0,,0,0,,0,0,,183,4.6585,1,0:02:31,707,12.16
FO4T5nQw4bQ,Krabeni | 2.18 Rating | G2 vs FUT | Ancient | Swiss round | IEM Cologne Major 2026 Stage 2,"Jun 9, 2026",1135,109,15.93,,,97,15,,,,,,0,0,0,0,6,0,100,0,1,22,1.1855,0,0,,0,0,,0,0,,113,5.4775,0,0:03:00,4404,1.91
Vlq114h3OdU,Jorko (16-5) 1.51 Rating POV | Liquid vs G2 | W/ Utility Cams | Mirage | BLAST Bounty 2026 S2,"Jul 31, 2026",1588,107,14.03,,,101,106,,,,,,0,0,1,0,1,0,100,0,1,25,2.1316,0,0,,0,0,,0,0,,114,6.6232,1,0:03:42,2589,3.05
3C3NuVKP2Vk,NiKo | 0.93 Rating | Falcons vs Legacy | Ancient | Grand Final | CAC 2026,"May 27, 2026",1913,105,3.2,,,95,12,,,,,,0,0,0,0,3,0,100,2,1,19,0.3196,0,2,0,0,0,,0,0,,107,1.7862,0,0:01:01,1120,6.7
KeCTnNN6XhI,Smokes to Defend A Main on Anubis (IEM Cologne Major 2026) #cs2 #csgo #counterstrike #cs2anubis,"Jul 14, 2026",32,100,48.05,30.4,,243,3,,,,,,0,0,0,0,3,0,100,0,0,43,0.0513,0,0,,0,0,,0,0,,287,0.4968,0,0:00:15,160,0
FRj_6YBbOLE,Top Banana Defense Smokes Every CT Should Know #csgo #cs2 #counterstrike,"Jun 29, 2026",30,98,403.05,19.48,,357,0,,,,,,0,0,0,0,4,0,100,0,0,10,0.0395,0,0,,0,0,,0,0,,380,3.403,0,0:02:00,71,0
DanuMk1NJ3Y,tN1R (20-8) 1.86 Rating POV | Liquid vs Spirit | Quarter-Final | Dust2 | BLAST Bounty 2026 S2 Finals,"Aug 2, 2026",1725,98,14.77,,,125,158,,,,,,0,0,1,0,4,0,100,1,1,23,2.6722,0,0,,0,0,,0,0,,156,6.9616,1,0:04:14,1190,5.71
D-HXQXWgmEs,EliGE (25-12) 2.01 Rating POV | Liquid vs Vitality | Stage 1 round | Nuke | BLAST Bounty 2026 S2,"Jul 26, 2026",757,96,29.12,,,83,5,,,,,,0,0,1,0,0,0,,0,0,22,1.4934,0,0,,0,0,,0,0,,97,5.8782,1,0:03:40,1947,3.6
NOg93qYW_-o,karrigan | 0.58 Rating | Falcons vs Legacy | Ancient | Grand Final | CAC 2026,"May 27, 2026",1611,96,9.94,,,93,39,,,,,,0,0,0,0,2,1,66.67,2,0,15,1.3279,0,4,0,0,0,,0,0,,115,4.2775,0,0:02:40,1121,6.16
_TGbiphdzRw,Jungle Smokes used to Execute A Site during CAC 2026 Part 1 #csgo #cs2 #counterstrike #cs2mirage,"Jun 19, 2026",43,96,28.43,18.75,,388,0,,,,,,0,0,0,0,7,0,100,0,0,8,0.0539,0,0,,0,0,,0,0,,412,0.4391,0,0:00:12,295,0.34
RRkGV9TcymE,m0NESY looking insane - ACE vs Lynn Vision #cs2 #counterstrike #blastopenporto2026,"Sep 1, 2026",21,94,87.91,66.67,,121,197,,,,,,0,0,0,0,2,0,100,0,0,24,0.0694,0,0,,0,0,,0,0,,196,0.504,0,0:00:18,1488,2.89
W1DuVM9JGIA,karrigan | 0.68 Rating | Falcons vs Legacy | Nuke | Grand Final | CAC 2026,"May 26, 2026",1835,92,8.88,,,82,29,,,,,,0,0,1,0,1,0,100,1,0,17,0.5302,0,4,0,0,0,,0,0,,106,4.1723,1,0:02:42,963,6.44
Lo9BuhIEqFI,donk (20-7) 2.84 Rating POV | 100 Thieves vs Spirit | Stage 2 round | Dust2 | BLAST Bounty 2026 S2,"Jul 28, 2026",1108,90,28.75,,,84,24,,,,,,0,0,0,0,1,1,50,2,0,21,1.4087,0,0,,0,0,,0,0,,95,7.9663,0,0:05:18,826,7.87
AvQXgCkaX2k,kyousuke | 1.34 Rating | Falcons vs Legacy | Ancient | Grand Final | CAC 2026,"May 27, 2026",1310,88,14.47,,,82,57,,,,,,0,0,1,0,2,0,100,1,0,19,0.6577,0,6,0,0,0,,0,0,,102,4.6354,1,0:03:09,1102,5.9
EFdUBLSBk30,magixx (10-7) 1.44 Rating POV | 100 Thieves vs Spirit | BLAST Bounty 2026 S2 | W/ Utility Cam Ove...,"Jul 29, 2026",1096,88,15,,,83,67,,,,,,0,0,0,0,3,0,100,0,0,12,1.4144,0,0,,0,0,,0,0,,90,4.0205,0,0:02:44,2099,3.33
 -GxJBdeLqwc,HeavyGod | 1.55 Rating | G2 vs FUT | Overpass | Swiss round | IEM Cologne Major 2026,"Jun 10, 2026",1651,87,13.29,,,80,15,,,,,,0,0,0,0,1,0,100,1,0,21,1.963,0,0,,0,0,,0,0,,90,5.304,0,0:03:39,1701,3.94
2QJCiJcOUME,kyousuke | 1.57 Rating | Falcons vs MOUZ | Dust2 | Semi-final | CAC 2026,"May 23, 2026",1785,86,13.34,,,82,20,,,,,,0,0,0,0,2,0,100,0,0,22,2.5736,0,8,0,0,0,,0,0,,98,5.6918,0,0:03:58,2102,2.66
LRMHIcZMyj8,TeSeS | 1.01 Rating | Falcons vs Legacy | Ancient | Grand Final | CAC 2026,"May 27, 2026",1841,80,10.75,,,83,42,,,,,,0,0,0,0,2,0,100,0,0,14,1.4247,1,5,20,0,0,,0,0,,101,4.4076,0,0:03:17,1431,3.98
MHBdGUkyVI8,n1ssim | 1.79 Rating | Falcons vs Legacy | Mirage | Grand Final | CAC 2026,"May 25, 2026",1602,75,11.57,,,66,65,,,,,,0,0,0,0,0,0,,0,0,15,0.802,0,6,0,0,0,,0,0,,99,3.8705,0,0:03:05,564,9.22
J1q-BV_wSbk,donk | 1.75 Rating | Spirit vs MIBR | Mirage | Swiss round | IEM Cologne Major 2026 Stage 2,"Jun 7, 2026",925,73,32.78,,,65,0,,,,,,0,0,0,0,0,0,,0,0,15,1.4385,0,16,0,0,0,,0,0,,73,6.1478,0,0:05:03,805,5.96
PJyEnPC63kY,Pros use These Stairs Smokes to Take A on Mirage Part 2 #csgo #cs2 #counterstrike #cs2mirage,"Jun 18, 2026",46,67,32.92,17.79,,268,0,,,,,,0,0,0,0,3,0,100,0,0,12,0.0322,0,0,,0,0,,0,0,,281,0.365,0,0:00:15,95,2.11
UjkOPY_gQwc,frozen | 1.28 | PARIVISION vs FaZe | Cache | Semi-final | XSE PL 2026 | W/ Inputs + Util Overlay,"Jul 18, 2026",1886,67,18.68,,,53,26,,,,,,0,0,1,0,3,0,100,1,0,24,1.9598,0,0,,0,0,,0,0,,68,6.556,1,0:05:52,526,7.22
RB2S46JZ0V0,sh1ro (21-6) 2.13 Rating POV | Spirit vs OG at BLAST Bounty 2026 S2,"Jul 25, 2026",1499,67,13.64,,,63,19,,,,,,0,0,0,0,0,0,,0,0,10,0.5762,0,0,,0,0,,0,0,,70,3.8058,0,0:03:24,3657,1.53
AQNxg_D4EIY,magixx | Spirit vs Falcons | Mirage | Semi-final | IEM Cologne Major 2026 | W/ Inputs + Util Overlay,"Jul 21, 2026",1627,66,18.54,,,55,20,,,,,,0,0,0,0,1,0,100,0,0,11,0.1589,0,0,,0,0,,0,0,,66,5.5304,0,0:05:01,2575,1.51
l8-UCgas8xE,ZywOo's Cache B site one-man exec #cs2 #blastporto2026 #utility,"Sep 8, 2026",35,65,101.1,85.33,,68,114,,,,,,0,0,1,0,3,0,100,0,0,33,0.2391,0,0,,0,0,,0,0,,114,0.6503,1,0:00:35,410,10.49
0VGEf5OocpA,electroNic | 1.73 Rating | Falcons vs BC.Game | Dust2 | CAC 2026,"May 20, 2026",2099,64,9.13,,,53,14,,,,,,0,0,0,0,0,0,,1,0,6,0.1762,0,0,,0,0,,0,0,,68,3.4076,0,0:03:11,713,7.01
HT4ChG_c6cg,magixx | 1.57 Rating | Spirit vs MIBR | Mirage | Swiss round | IEM Cologne Major 2026,"Jun 7, 2026",1091,61,9.17,,,54,2,,,,,,0,0,0,0,1,1,50,0,0,19,0.614,1,11,9.09,0,0,,0,0,,61,1.6958,0,0:01:40,1593,3.52
gA6mZaSb8Oo,donk (22-8) 2.20 Rating POV | Liquid vs Spirit | Anubis | BLAST Bounty 2026 S2 Finals,"Jul 31, 2026",1299,61,14.55,,,58,48,,,,,,0,0,1,0,1,0,100,0,0,11,0.3596,0,0,,0,0,,0,0,,61,3.2021,1,0:03:08,1191,3.95
YXQlJ0nV6N0,ropz (13-12) 1.09 Rating POV | FUT vs Vitality | Dust2 | BLAST Open Porto 2026,"Sep 1, 2026",1476,55,24.67,,,72,101,,,,,,0,0,0,0,2,0,100,1,0,13,1.416,0,0,,0,0,,0,0,,101,5.581,0,0:06:04,290,14.14
7Sw5YU9M_p8,karrigan | 0.69 Rating | Falcons vs Legacy | Mirage | Grand Final | CAC 2026,"May 27, 2026",1534,53,19.76,,,51,17,,,,,,0,0,1,0,3,0,100,0,1,10,0.3532,0,4,0,0,0,,0,0,,59,4.4655,1,0:05:03,881,3.63
 -zcWkA2u8Yo,dumau | 1.82 Rating | Falcons vs Legacy | Mirage | Grand Final | CAC 2026,"May 24, 2026",1703,53,10.39,,,80,76,,,,,,0,0,0,0,2,0,100,0,0,17,0.7808,0,2,0,0,0,,0,0,,101,2.6221,0,0:02:56,1039,4.04
XX-YjMccU7A,kyousuke | 1.21 Rating | Falcons vs Legacy | Mirage | Grand Final | CAC 2026,"May 27, 2026",1407,53,17.15,,,51,36,,,,,,0,0,0,0,1,0,100,0,0,8,0.6529,0,6,0,0,0,,0,0,,62,3.5534,0,0:04:01,637,6.12
4rOnR7l3nHA,Pros Use This CT Smoke for B Executes (IEM Cologne Major 2026) #cs2 #csgo #counterstrike #cs2inferno,"Jul 11, 2026",48,51,28.93,13.71,,256,1,,,,,,0,0,0,0,2,0,100,0,0,13,0.0273,0,0,,0,0,,0,0,,283,0.2769,0,0:00:13,112,3.57
KyRs4cIxkzQ,Don't Push Mid on Mirage Without These Cross Smokes (CAC 2026) Part 1 #cs2 #mirage,"Jun 24, 2026",33,50,54.27,21.74,,180,0,,,,,,0,0,0,0,2,0,100,0,0,44,0.1016,0,0,,0,0,,0,0,,194,0.3091,0,0:00:17,92,1.09
K2v6Dkdp2A4,Best Library Smokes for A Site Executes (IEM Cologne Major 2026) #cs2 #csgo #counterstrike #cs2infe…,"Jul 12, 2026",34,50,48.14,12.56,,286,2,,,,,,0,0,0,0,3,0,100,0,0,9,0.0232,0,0,,0,0,,0,0,,317,0.3193,0,0:00:16,124,1.61
W0QydVY7pAo,n1ssim | 0.82 Rating | Falcons vs Legacy | Nuke | Grand Final | CAC 2026,"May 27, 2026",1743,50,8.64,,,50,47,,,,,,0,0,0,0,2,0,100,0,0,12,0.6074,0,2,0,0,0,,0,0,,76,2.0989,0,0:02:30,732,4.37
OPwKbFLSoV0,tikuak (23-12) 1.88 Rating POV | Wildcard vs MongolZ | BLAST Bounty 2026 S2 | W/ Utility Cam Overlay,"Jul 28, 2026",1510,49,11.15,,,48,8,,,,,,0,0,0,0,0,0,,0,0,8,1.288,0,0,,0,0,,0,0,,49,2.2917,0,0:02:48,2878,1.29
NnB6BDcP-uc,m0NESY | 1.34 Rating | Falcons vs Legacy | Nuke | Grand Final | CAC 2026,"May 25, 2026",2066,49,8.86,,,62,45,,,,,,0,0,0,0,1,0,100,0,0,9,0.6135,0,6,0,0,0,,0,0,,77,2.5026,0,0:03:03,830,4.7
f8V_JeE4F1o,Top Inferno Smokes Used During IEM Cologne Major 2026,"Jul 3, 2026",908,44,16.11,,,31,9,,,,,,0,0,0,0,1,0,100,0,0,8,0.3057,0,5,0,0,0,,0,0,,44,1.7875,0,0:02:26,316,6.33
iCeRmO59JHM,Top Half-Wall Smokes to Lock Down Banana (IEM Cologne Major 2026) #cs2 #csgo #counterstrike #cs2inf…,"Jul 6, 2026",32,44,46.52,17.87,,177,0,,,,,,0,0,0,0,2,0,100,0,0,7,0.0254,0,0,,0,0,,0,0,,190,0.2299,0,0:00:14,302,0.99
FyShWWDZqVQ,ropz | 27-18 | 1.54 Rating | FaZe vs Vitality | Nuke | IEM Atlanta 2026,"May 15, 2026",2664,42,11.75,,,31,11,,,,,,0,0,0,0,1,0,100,6,0,7,0.8292,0,2,0,0,0,,0,0,,44,3.6509,0,0:05:12,385,7.53
VrRRVL8oxBc,kensizor | 1.98 Rating | B8 vs TYLOO | Mirage | Swiss round | IEM Cologne Major 2026,"Jun 3, 2026",1374,41,15.28,,,40,39,,,,,,0,0,0,0,1,0,100,0,0,9,0.8501,0,10,0,0,0,,0,0,,52,2.4006,0,0:03:29,442,6.11
qlnLgOB-_0E,NiKo | 0.54 Rating | Falcons vs Legacy | Mirage | Grand Final | CAC 2026,"May 27, 2026",1581,41,17.34,,,39,8,,,,,,0,0,0,0,2,0,100,0,0,11,0.5302,0,4,0,0,0,,0,0,,47,3.1242,0,0:04:34,809,3.21
MsGYHdDEk5o,Jorko (19-16) 1.62 Rating POV | Liquid vs Spirit | Dust2 | BLAST Bounty 2026 S2 Finals,"Aug 1, 2026",1482,41,14.85,,,37,47,,,,,,0,0,0,0,3,0,100,0,0,5,1.0332,0,0,,0,0,,0,0,,48,2.5099,0,0:03:40,513,5.46
tH5lSdDbSTg,The CT Smoke Every B Execute Needs on Inferno Part 2 #csgo #cs2 #counterstrike,"Jul 5, 2026",28,40,92.05,17.47,,181,0,,,,,,0,0,0,0,2,0,100,0,0,5,0.0067,0,0,,0,0,,0,0,,197,0.3488,0,0:00:25,48,2.08
akDzWBMtNTM,Best Arch Connector Smokes for A Takes Part 2 #csgo #cs2 #counterstrike,"Jul 4, 2026",29,39,52.12,16.6,,169,0,,,,,,0,0,0,0,1,0,100,0,0,10,0.0159,0,0,,0,0,,0,0,,182,0.2173,0,0:00:15,21,4.76
Bx_QQGcRzMo,Swisher | 1.70 Rating | M80 vs Lynn Vision | Inferno | Swiss round | IEM Cologne Major 2026,"Jun 2, 2026",1815,38,6.19,,,32,16,,,,,,0,0,0,0,0,0,,0,0,12,0.6501,0,0,,0,0,,0,0,,41,1.1881,0,0:01:52,589,2.55
_KNvvAT0ho8,m0NESY | 1.92 Rating | Falcons vs Legacy | Dust2 | Final | CAC 2026,"May 22, 2026",1345,36,9.55,,,35,13,,,,,,0,0,0,0,1,0,100,0,0,3,0.0178,0,4,0,0,0,,0,0,,41,1.2854,0,0:02:08,648,4.01
NEltNwFAdrI,jL | 1.57 Rating | Falcons vs MOUZ | Mirage | Semi-final | CAC 2026,"May 24, 2026",1624,35,18.41,,,31,21,,,,,,0,0,0,0,2,0,100,0,0,2,0.7315,0,6,0,0,0,,0,0,,42,2.9074,0,0:04:58,420,6.43
tlyTZgZ9TWQ,NiKo | 1.74 | 100 Thieves vs Falcons | Nuke | Stage 1 round | BLAST Bounty 2026 S2 | W/ Util Overlay,"Jul 24, 2026",1259,35,27.27,,,30,3,,,,,,0,0,0,0,1,0,100,1,0,8,0.5679,0,0,,0,0,,0,0,,36,3.338,0,0:05:43,394,6.6
izEzoMHgbcg,m0NESY | 1.12 Rating | Falcons vs MOUZ | Dust2 | Semi-final | CAC 2026,"May 30, 2026",1960,34,19.3,,,34,10,,,,,,0,0,0,0,2,0,100,0,0,9,0.7725,0,0,,0,0,,0,0,,41,3.5736,0,0:06:18,798,3.13
PqSwTQr2toI,TjP | 1.70 Rating | MIBR vs THUNDER dOWNUNDER | Inferno | Swiss round | IEM Cologne Major 2026,"Jun 3, 2026",1660,33,11.13,,,31,15,,,,,,0,0,0,0,3,0,100,0,0,4,0.3313,0,9,0,0,0,,0,0,,36,1.6954,0,0:03:04,603,3.32
VKN3Dy91xi4,Best Library Smokes for A Site Executes Part 2 (IEM Cologne Major 2026) #cs2 #csgo #counterstrike #…,"Jul 12, 2026",34,32,52.04,9.2,,256,2,,,,,,0,0,0,0,3,0,100,0,0,9,0.0144,0,0,,0,0,,0,0,,272,0.2416,0,0:00:17,106,1.89
hPzjRXGbLkQ,Top Anubis Smokes Used by Pros During IEM Cologne Major 2026,"Jul 14, 2026",1093,31,23.16,,,26,8,,,,,,0,0,1,0,5,0,100,0,0,11,0.4987,0,4,0,0,0,,0,0,,31,2.18,1,0:04:13,393,4.58
XxUkepxbXFs,dem0n (25-21) 1.34 Rating POV | FUT vs Spirit | Ancient | Esports World Cup 2026,"Aug 25, 2026",2332,30,7.32,,,53,80,,,,,,0,0,0,0,1,0,100,0,0,5,0.1994,0,0,,0,0,,0,0,,80,1.4421,0,0:02:50,279,8.24
rmq98rJeOLk,tN1R (29-20) 1.30 Rating POV | FUT vs Spirit | Anubis | Esports World Cup 2026,"Aug 25, 2026",2127,30,11.97,,,38,52,,,,,,0,0,0,0,0,0,,2,0,14,1.2312,0,0,,0,0,,0,0,,52,2.13,0,0:04:14,221,9.5
OBOLI98YAV8,donk (25-13) 1.65 Rating POV | 100 Thieves vs Spirit | Anubis | BLAST Bounty 2026 S2,"Aug 1, 2026",2227,30,22.32,,,27,30,,,,,,0,0,0,0,1,0,100,0,0,3,0.7613,0,0,,0,0,,0,0,,31,4.1429,0,0:08:17,530,3.4
f6EMUcoaV74,xelex | 1.78 Rating | Falcons vs MOUZ | Mirage | Semi-final | CAC 2026,"May 24, 2026",1579,30,5.98,,,33,15,,,,,,0,0,0,0,1,0,100,0,0,8,0.0578,0,2,0,0,0,,0,0,,36,0.7905,0,0:01:34,632,3.32
Lw_EvWEk5sk,donk | 1.37 Rating | Spirit vs Falcons | Mirage | Grand final | PGL Astana 2026,"May 19, 2026",976,29,31.9,,,27,2,,,,,,0,0,1,0,1,0,100,0,0,5,0.5471,0,0,,0,0,,0,0,,31,2.5087,1,0:05:11,319,3.76
410sC1aAACo,Most Effective Flashes during CAC 2026 | CS2,"Jun 5, 2026",704,28,22.27,,,21,6,,,,,,0,0,0,0,3,0,100,0,0,7,0.4882,0,0,,0,0,,0,0,,28,1.2194,0,0:02:36,456,3.29
Eh1fRnCE0wg,NiKo | 1.68 Rating | Falcons vs MOUZ | Nuke | Semi-final | CAC 2026,"May 23, 2026",1770,27,18.89,,,28,20,,,,,,0,0,0,0,1,0,100,2,0,7,1.0658,0,8,0,0,0,,0,0,,37,2.5104,0,0:05:34,319,6.58
qh6gRiB_-XA,kyousuke (15-10) 1.59 Rating POV | Falcons vs K27 | Dust2 | Esports World Cup 2026,"Aug 14, 2026",1532,26,14.57,,,24,32,,,,,,0,0,1,0,1,0,100,0,0,0,0,0,0,,0,0,,0,0,,32,1.6141,1,0:03:43,294,5.1
NlaAtakHuF8,magixx  (25-14) 3654 ELO vs ~3257 ELOs | Dust2 | FACEIT CS2 POV + VOICE COMMS,"Aug 12, 2026",1478,26,9.13,,,22,27,,,,,,0,0,1,0,3,0,100,0,0,7,0.125,0,0,,0,0,,0,0,,27,0.9766,1,0:02:14,220,8.18
uypbFNU5F-s,m0NESY | 1.81 Rating | Falcons vs M80 | Ancient | Semi-final | CAC 2026,"May 21, 2026",1935,26,10.23,,,12,12,,,,,,0,0,0,0,1,0,100,0,0,1,0.3818,0,4,0,0,0,,0,0,,27,1.4297,0,0:03:17,204,5.39
tKoUedgih6A,NiKo | 1.21 Rating | Falcons vs Legacy | Nuke | Grand Final | CAC 2026,"May 26, 2026",1210,26,6.33,,,29,14,,,,,,0,0,0,0,1,0,100,0,0,6,0.1882,0,2,0,0,0,,0,0,,33,0.5551,0,0:01:16,539,3.53
CG7IyGkjsH8,kyousuke (26-7) 2.54 Rating POV | Falcons vs MongolZ | Inferno | Esports World Cup 2026,"Aug 21, 2026",1267,25,15.51,,,34,45,,,,,,0,0,0,0,1,0,100,0,0,2,0.1353,0,0,,0,0,,0,0,,45,1.3743,0,0:03:16,283,7.42
4VdgMJ7Q9u8,Top 50 CS2 Utility Lineups From Pro Play (BLAST Bounty 2026),"Aug 16, 2026",593,24,30.15,,,27,29,,,,,,0,0,0,0,0,1,0,0,0,9,0.5134,0,0,,0,0,,0,0,,29,1.1922,0,0:02:58,249,6.43
k-nMMNfP04U,kyousuke | 1.24 Rating | Falcons vs MOUZ | Nuke | Semi-final,"May 29, 2026",1633,24,13.14,,,19,3,,,,,,0,0,0,0,1,0,100,0,0,4,0.0801,0,4,0,0,0,,0,0,,24,1.4306,0,0:03:34,281,7.12
JArDd7U3RM4,YEKINDAR (24-11) 2.12 Rating POV | FURIA vs paiN | Cache | BLAST Open Porto 2026,"Aug 28, 2026",1406,23,17.23,,,14,36,,,,,,0,0,0,0,2,0,100,0,0,1,0,0,0,,0,0,,0,0,,36,1.5544,0,0:04:02,92,9.78
GYvAaVY7RAY,b1t | 1.43 Rating | NAVI vs Vitality | Inferno | Quarter-final | IEM Atlanta 2026,"May 19, 2026",1437,23,19.28,,,19,3,,,,,,0,0,0,0,2,0,100,0,0,5,0.293,0,0,,0,0,,0,0,,23,1.7703,0,0:04:37,302,5.63
pQ1Dsf0fZQs,910 | 1.65 Rating | MongolZ vs PARIVISION | Mirage | Final | CAC 2026,"May 22, 2026",1780,23,9.51,,,21,3,,,,,,0,0,0,0,1,0,100,0,0,2,0.0449,0,0,,0,0,,0,0,,25,1.0829,0,0:02:49,341,5.28
usnnp0qKj9k,NiKo | 1.49 Rating | Falcons vs M80 | Inferno | Semi-final | CAC 2026,"May 21, 2026",2778,22,5.49,,,16,1,,,,,,0,0,0,0,1,0,100,2,0,3,0.0511,0,0,,0,0,,0,0,,22,0.9314,0,0:02:32,239,4.6
HynbhjKk8Po,m0NESY (25-9) 4402 ELO vs ~3447 ELOs | mirage | FACEIT CS2 POV + VOICE COMMS,"Aug 20, 2026",1071,22,11.28,,,22,24,,,,,,0,0,0,0,1,0,100,0,0,5,0.2468,0,0,,0,0,,0,0,,24,0.7381,0,0:02:00,300,3.33
HZgSCyk7k8I,latto | 2.22 Rating | Falcons vs Legacy | Ancient | Grand Final | CAC 2026,"May 25, 2026",1721,22,12.05,,,18,10,,,,,,0,0,0,0,2,0,100,0,0,7,0.3796,0,0,,0,0,,0,0,,26,1.2709,0,0:03:27,216,4.63
5xvvEjAc_Ag,The Ultimate Mirage CT A-Site Defense Flash 🧠 (CAC 2026) #csgo #counterstrike #csgomoments,"May 29, 2026",14,21,90.7,51.28,,29,1,,,,,,0,0,0,0,3,0,100,0,0,8,0.0182,0,0,,0,0,,0,0,,41,0.0786,0,0:00:12,633,0.79
7ZEofZeNM6c,TeSeS (19-10) 2.00 Rating POV | MOUZ vs Falcons | Nuke | BLAST Open Porto 2026,"Sep 1, 2026",1346,21,3.66,,,24,37,,,,,,0,0,1,0,0,0,,1,0,5,0.0421,0,0,,0,0,,0,0,,37,0.2931,1,0:00:49,173,8.09
fnlafd2oHO4,esenthial (13-6) 1.61 Rating POV | B8 vs Vitality | Dust2 | Esports World Cup 2026,"Aug 17, 2026",1573,21,15.16,,,20,25,,,,,,0,0,0,0,2,0,100,0,0,1,0.0164,0,0,,0,0,,0,0,,25,1.3918,0,0:03:58,301,5.32
colaE6LSuRY,cptkurtka023 (21-13) 1.64 Rating POV | Vitality vs Inner Circle | Anubis | BLAST Open Porto 2026,"Aug 28, 2026",1591,21,10.89,,,28,39,,,,,,0,0,0,0,1,0,100,0,0,2,0.0229,0,0,,0,0,,0,0,,39,1.0167,0,0:02:53,150,10
-4k6C5UgpCw,w0nderful | 1.95 Rating | NAVI vs Vitality | Anubis | IEM Atlanta 2026,"May 16, 2026",2397,20,6.36,,,15,3,,,,,,0,0,0,0,1,0,100,0,0,3,0.4134,0,0,,0,0,,0,0,,20,0.8471,0,0:02:32,236,5.93
zXatlWXeQWU,NiKo | 1.23 Rating | Falcons vs MOUZ | Mirage | Semi-final | CAC 2026,"May 30, 2026",1370,20,14.36,,,21,5,,,,,,0,0,0,0,0,0,,0,0,4,0.3695,0,0,,0,0,,0,0,,22,1.0934,0,0:03:16,464,3.45
Gedgq_xKDec,b1t | 2.10 Rating | GL vs NAVI | Mirage | Grand final | IEM Atlanta 2026,"May 18, 2026",1182,19,15.08,,,14,2,,,,,,0,0,0,0,2,0,100,0,0,7,0.6047,0,4,0,0,0,,0,0,,19,0.9408,0,0:02:58,291,4.81
2t0dtvuVWuM,NiKo (23-11) 2.22 Rating POV | Falcons vs G2 | Inferno | BLAST Open Porto 2026,"Sep 5, 2026",1864,19,10.38,,,17,26,,,,,,0,0,0,0,1,0,100,1,0,2,0.0688,0,0,,0,0,,0,0,,26,1.0229,0,0:03:13,118,9.32
Juip8Fr-DOw,m0NESY | 2.26 Rating | magic vs Falcons | Dust2 | Semi-final | PGL Astana 2026,"May 17, 2026",1676,18,28.37,,,17,0,,,,,,0,0,0,0,1,0,100,0,0,5,0.8375,0,0,,0,0,,0,0,,18,2.3774,0,0:07:55,355,3.66
15ZuiQduMFA,xelex | 1.10 Rating | Falcons vs MOUZ | Nuke | Semi-final,"May 29, 2026",1605,18,9.2,,,18,6,,,,,,0,0,0,0,0,0,,0,0,4,0.1563,0,0,,0,0,,0,0,,22,0.7414,0,0:02:27,485,3.3
-8u2JfsbaD0,makazze | 1.35 Rating | GL vs NAVI | Nuke | Grand final | IEM Atlanta 2026,"May 18, 2026",2050,18,3.5,,,18,4,,,,,,0,0,0,0,0,0,,0,0,1,0.0011,0,2,0,0,0,,0,0,,21,0.3598,0,0:01:11,219,6.85
1pKJUPFT__0,iM | 1.24 Rating | NAVI vs Vitality | Inferno | Quarter-final | IEM Atlanta 2026,"May 20, 2026",1465,17,17.3,,,15,11,,,,,,0,0,0,0,0,0,,1,0,2,0.2352,1,2,50,0,0,,0,0,,21,1.1965,0,0:04:13,229,5.68
T0JYrrM_JAg,donk (27-12) 2.43 Rating POV | B8 vs Spirit | Dust2 | Esports World Cup 2026,"Aug 22, 2026",1960,17,2.69,,,21,26,,,,,,0,0,0,0,0,0,,0,1,1,0.0092,0,0,,0,0,,0,0,,26,0.2518,0,0:00:52,280,4.64
CGB5Kj8E3Uo,Jimpphat (25-8) | Mirage | FACEIT CS2 POV + VOICE COMMS,"Aug 26, 2026",997,17,5.45,,,24,30,,,,,,0,0,0,0,1,0,100,0,0,1,0.0037,0,0,,0,0,,0,0,,30,0.2633,0,0:00:54,127,9.45
2RuZbrgQX-c,4K from Spinx vs Vitality #cs2 #counterstrike #blastopenporto2026,"Sep 7, 2026",22,17,82.3,58.62,,30,39,,,,,,0,0,0,0,0,0,,0,0,5,0.0019,0,0,,0,0,,0,0,,39,0.0906,0,0:00:18,327,1.53
GQchMH-ne0Y,Flash to get Early Second Mid Pick on Inferno (CAC 2026) #cs2 #csgo #counterstrike #cs2inferno,"Jun 4, 2026",31,16,61.96,51.85,,25,0,,,,,,0,0,0,0,2,0,100,0,0,8,0.0149,0,0,,0,0,,0,0,,32,0.0906,0,0:00:19,652,0.15
dUcA4JDtUi0,m0NESY | 0.94 Rating | Falcons vs Legacy | Ancient | Grand Final | CAC 2026,"May 27, 2026",1874,16,16.35,,,21,11,,,,,,0,0,0,0,1,0,100,0,0,2,0.0051,0,0,,0,0,,0,0,,24,1.366,0,0:05:06,386,2.59
gFmteIo-ybg,latto | 1.34 Rating | Falcons vs Legacy | Nuke | Grand Final | CAC 2026,"May 26, 2026",1745,16,14.02,,,15,2,,,,,,0,0,0,0,1,0,100,0,0,3,0.0054,0,4,0,0,0,,0,0,,16,1.0871,0,0:04:04,269,5.58
5zC3-llzAVI,npl | 1.78 Rating | B8 vs TYLOO | Mirage | Swiss round | IEM Cologne Major 2026,"Jun 3, 2026",1455,16,16.91,,,14,4,,,,,,0,0,0,0,1,0,100,0,0,1,0.0563,0,0,,0,0,,0,0,,16,1.0934,0,0:04:06,439,2.51
vgs_nzH0qFs,mzinho | 1.65 Rating | MongolZ vs PARIVISION | Dust2 | Final | CAC 2026,"May 22, 2026",1526,16,11.98,,,14,1,,,,,,0,0,0,0,1,0,100,0,0,1,0.0009,0,0,,0,0,,0,0,,16,0.8123,0,0:03:02,330,3.33
cV9matdPuzU,G2's One Man B Site Execute on Cache #cs2 #blastporto2026 #utility,"Sep 22, 2026",30,16,59.1,27.12,,36,76,,,,,,0,0,0,0,2,0,100,0,0,12,0.0092,0,0,,0,0,,0,0,,76,0.0941,0,0:00:17,567,0.18
hr-q7W35hP0,tN1R | 1.80 Rating | Spirit vs Falcons | Mirage | Grand final | PGL Astana 2026,"May 18, 2026",1598,16,24.71,,,21,16,,,,,,0,0,0,0,1,0,100,0,0,2,0.7971,0,0,,0,0,,0,0,,27,1.7586,0,0:06:34,253,4.74
XMrFFTm3IEA,kyousuke (33-19) 3631 ELO vs ~3566 ELOs | mirage | FACEIT CS2 POV,"Aug 8, 2026",1226,15,11.13,,,15,15,,,,,,0,0,0,0,1,0,100,0,0,3,0.021,0,0,,0,0,,0,0,,15,0.5687,0,0:02:16,254,3.15
mSczBOA8O8s,ridiculous ACE from donk vs G2 on Cache #cs2 #counterstrike #blastopenporto2026,"Sep 2, 2026",73,15,47.69,66.67,,20,28,,,,,,0,0,0,0,1,0,100,0,0,8,0.0677,0,0,,0,0,,0,0,,28,0.1482,0,0:00:34,204,1.47
3L9je5Amj1I,donk 34 -11 | 5512 ELO vs 3470 ELO,"Aug 7, 2026",1279,15,12.29,,,12,15,,,,,,0,0,0,0,1,0,100,0,0,6,0.0592,0,0,,0,0,,0,0,,15,0.6547,0,0:02:37,219,4.11
FkCeYN7BxgI,ZywOo | 22-9 | 1.86 Rating | FaZe vs Vitality | Dust2 | IEM Atlanta 2026,"May 15, 2026",1228,15,10.37,,,13,2,,,,,,0,0,0,0,1,0,100,0,0,3,0.1156,0,0,,0,0,,0,0,,15,0.5308,0,0:02:07,339,2.95
NdZetelAxko,zont1x (15-12) vs LUX | Mirage | FACEIT CS2 POV + VOICE COMMS,"Sep 7, 2026",1082,15,10.38,,,20,28,,,,,,0,0,0,0,0,0,,0,0,2,0.0245,0,0,,0,0,,0,0,,28,0.4723,0,0:01:52,138,7.25
jmbrK4grOFI,TeSeS | 1.00 Rating | Falcons vs Legacy | Nuke | Grand Final | CAC 2026,"May 26, 2026",1739,15,1.37,,,13,1,,,,,,0,0,0,0,0,0,,0,0,1,0.003,0,0,,0,0,,0,0,,15,0.0989,0,0:00:23,382,1.57
XdeGOgCIJVg,META Nuke Smokes from CS Asia Championships 2026 | CT & T Lineups,"Jun 3, 2026",583,15,12.92,,,14,4,,,,,,0,0,0,0,1,0,100,0,0,5,0.2023,0,0,,0,0,,0,0,,15,0.3139,0,0:01:15,257,2.33
LTTSsQ9J7iA,makazze | 1.53 Rating | BB vs NAVI | Ancient | Semi-final | IEM Atlanta 2026,"May 17, 2026",1231,15,18.98,,,14,1,,,,,,0,0,0,0,1,0,100,1,0,2,0.2954,0,0,,0,0,,0,0,,15,0.9737,0,0:03:53,221,5.88
zFIlRomjpTg,w0nderful (19-7) 1.88 Rating POV | MongolZ vs NAVI | Inferno | Esports World Cup 2026,"Aug 17, 2026",1673,15,22.97,,,17,17,,,,,,0,0,0,0,1,0,100,0,0,4,0.4875,0,0,,0,0,,0,0,,16,1.6013,0,0:06:24,180,7.22
wZMsriHBR0c,donk | 2.01 Rating | Spirit vs Falcons | Ancient | Grand final | PGL Astana 2026,"May 18, 2026",1477,15,22.69,,,11,0,,,,,,0,0,0,0,1,0,100,0,0,2,0.4123,0,0,,0,0,,0,0,,15,1.3965,0,0:05:35,198,5.05
KolUPYkby9s,zont1x looking crazy - 4K against G2 on Dust2 #cs2 #counterstrike #blastopenporto2026,"Sep 2, 2026",58,14,44.63,82.35,,20,30,,,,,,0,0,0,0,0,0,,0,0,5,0.0165,0,0,,0,0,,0,0,,30,0.1058,0,0:00:25,190,2.63
ddNdZuXC3nE,Wicadia (21-15) 1.50 Rating POV | FURIA vs Aurora | Ancient | Esports World Cup 2026,"Aug 21, 2026",1799,14,11.98,,,15,22,,,,,,0,0,0,0,2,0,100,0,0,6,0.1631,0,0,,0,0,,0,0,,22,0.8396,0,0:03:35,140,7.86
f1r5Um4SW8w,arT | 0.77 Rating | Falcons vs Legacy | Nuke | Grand Final | CAC 2026,"May 27, 2026",1513,14,12.68,,,15,7,,,,,,0,0,0,0,0,0,,0,0,0,0,0,0,,0,0,,0,0,,17,0.7464,0,0:03:11,262,3.44
gBsRf68NjEo,kyousuke (22-13) 2.03 Rating POV | Legacy vs Falcons | Dust2 | BLAST Open Porto 2026,"Aug 30, 2026",1459,14,17.77,,,16,23,,,,,,0,0,0,0,0,0,,0,0,0,0,0,0,,0,0,,0,0,,23,1.0154,0,0:04:19,133,8.27
n7-TsUc37HE,donk (23-16) 1.58 Rating POV | Spirit vs JiJieHao | Mirage | Esports World Cup 2026,"Aug 14, 2026",1802,14,10.79,,,15,16,,,,,,0,0,0,0,1,0,100,0,1,0,0,0,0,,0,0,,0,0,,16,0.7563,0,0:03:14,199,5.53
xx_fSizSQX8,sh1ro (23-10) 1.73 Rating POV | Legacy vs Spirit | Ancient | Esports World Cup 2026,"Aug 23, 2026",1988,14,6.57,,,22,26,,,,,,0,0,0,0,1,0,100,0,0,2,0.0177,0,0,,0,0,,0,0,,26,0.5116,0,0:02:10,187,6.95
St7ldhDdzgM,cobrazera | 1.42 Rating | MongolZ vs Liquid | Mirage | Semi-final | CAC 2026,"May 22, 2026",1755,14,12.78,,,13,1,,,,,,0,0,0,0,1,0,100,0,0,1,0.0002,0,2,0,0,0,,0,0,,14,0.872,0,0:03:44,215,6.05
satcQRGvnbw,saadzin | 0.92 Rating | Falcons vs Legacy | Nuke | Grand Final | CAC 2026,"May 26, 2026",2087,14,0.86,,,11,6,,,,,,0,0,0,0,0,0,,0,0,4,0.0366,0,0,,0,0,,0,0,,14,0.0697,0,0:00:17,225,3.11
tfAigOXUsVs,kyousuke (25-15) vs DONK | Mirage | FACEIT CS2 POV + VOICE COMMS,"Aug 13, 2026",1054,14,17.78,,,12,15,,,,,,0,0,0,0,1,0,100,0,0,0,0,0,0,,0,0,,0,0,,14,0.7289,0,0:03:07,201,4.98
_HwIe6FEGvA,Twistzz (24-9) 2.28 Rating POV | Legacy vs FaZe | Mirage | Esports World Cup 2026,"Aug 16, 2026",1598,13,8.53,,,11,13,,,,,,0,0,0,0,1,0,100,0,0,3,0.4115,0,0,,0,0,,0,0,,13,0.4921,0,0:02:16,52,11.54
S-LAJbP8Ass,molodoy (25-12) 1.75 Rating POV | FURIA vs Aurora | Mirage | Esports World Cup 2026,"Aug 20, 2026",1900,13,19.35,,,12,16,,,,,,0,0,0,0,1,0,100,0,0,1,0.5277,0,0,,0,0,,0,0,,16,1.3282,0,0:06:07,147,4.76
6DZ9560KPPY,HeavyGod (19-9) 1.94 Rating POV | G2 vs NAVI | Ancient | BLAST Open Porto 2026,"Aug 31, 2026",1613,13,14.6,,,15,23,,,,,,0,0,0,0,1,0,100,0,0,3,0.4686,0,0,,0,0,,0,0,,23,0.8521,0,0:03:55,98,10.2
lL0wvJKoiPY,karrigan | 0.86 Rating | Falcons vs MOUZ | Nuke | Semi-final,"May 29, 2026",1502,13,5.84,,,10,2,,,,,,0,0,0,0,0,0,,0,0,2,0.1563,0,0,,0,0,,0,0,,13,0.3165,0,0:01:27,279,3.23
Me3DKC8i4ag,kyousuke | 1.61 Rating | Falcons vs Legacy | Nuke | Grand Final | CAC 2026,"May 24, 2026",1873,12,11.05,,,10,2,,,,,,0,0,0,0,1,0,100,1,0,0,0,0,0,,0,0,,0,0,,12,0.6899,0,0:03:26,262,2.67
wcuHRRUVKPs,donk (25-18) 1.67 Rating POV | Legacy vs Spirit | Dust2 | Esports World Cup 2026,"Aug 23, 2026",1559,12,5.38,,,21,24,,,,,,0,0,0,0,1,0,100,0,0,2,0.0045,0,0,,0,0,,0,0,,24,0.2826,0,0:01:23,192,4.69
GoFKW08fwu8,apEX (27-10) 3255 ELO vs ~2816 ELOs | Dust2 | FACEIT CS2 POV,"Aug 27, 2026",1279,12,19.62,,,11,19,,,,,,0,0,0,0,0,0,,0,0,6,0.4354,0,0,,0,0,,0,0,,19,0.8392,0,0:04:10,97,6.19
VDx1oIOzk6E,910 | 1.51 Rating | MongolZ vs Liquid | Inferno | Semi-final | CAC 2026,"May 21, 2026",1919,12,8.14,,,11,3,,,,,,0,0,0,0,0,0,,0,0,3,0.4371,0,0,,0,0,,0,0,,13,0.5217,0,0:02:36,184,5.98
LzGyIgrLlmo,torzsi | 1.54 Rating | Falcons vs MOUZ | Nuke | Semi-final,"May 29, 2026",1782,12,17.71,,,12,4,,,,,,0,0,0,0,1,0,100,0,0,2,0.0012,0,0,,0,0,,0,0,,13,1.0535,0,0:05:15,202,3.47
9cVII_uEUlI,Jame | 1.68 Rating | MongolZ vs PARIVISION | Mirage | Final | CAC 2026,"May 23, 2026",1932,11,32.5,,,10,1,,,,,,0,0,2,0,2,0,100,0,0,2,0.4847,0,0,,0,0,,0,0,,11,1.9175,2,0:10:27,312,1.6
U59Fs2kin8g,TeSeS (25-20) vs MAGIXX & DONK | Mirage | FACEIT CS2 POV + VOICE COMMS,"Sep 3, 2026",1531,11,28.96,,,28,34,,,,,,0,0,0,0,2,0,100,0,0,3,0.0006,0,0,,0,0,,0,0,,33,1.3677,0,0:07:23,157,6.37
iOoZq50Wdc0,HeavyGod (16-6) 3622 ELO vs ~3414 ELOs | Mirage | FACEIT CS2 POV + VOICE COMMS,"Aug 19, 2026",658,11,26.16,,,13,14,,,,,,0,0,0,0,0,0,,0,0,1,0.003,0,0,,0,0,,0,0,,14,0.5262,0,0:02:52,133,6.77
UAhoaA9vF8c,try (26-13) 1.81 Rating POV | Legacy vs Falcons | Dust2 | Esports World Cup 2026,"Aug 23, 2026",1850,11,10.17,,,12,15,,,,,,0,0,0,0,1,0,100,0,0,4,0.3113,0,0,,0,0,,0,0,,15,0.576,0,0:03:08,189,3.17
QccCvDF8D_g,The ONLY Nuke A-Exec Flash You Need 🤫 (CAC 2026) #csgo #counterstrike #csgomoments,"May 28, 2026",26,11,60.9,62.5,,12,2,,,,,,0,0,0,0,3,0,100,0,0,2,0.0033,0,0,,0,0,,0,0,,18,0.051,0,0:00:15,1587,0.32
eJaIiC5O84A,r1nkle going insane - ACE against Aurora on Anubis #cs2 #counterstrike #blastopenporto2026,"Aug 30, 2026",66,11,187.49,52.38,,21,30,,,,,,0,0,0,0,0,0,,0,0,6,0.0088,0,0,,0,0,,0,0,,29,0.3836,0,0:02:03,162,3.7
9cgZwv-n4M8,m0NESY (20-8) 1.76 Rating POV | Legacy vs Falcons | Dust2 | BLAST Open Porto 2026,"Aug 31, 2026",1625,11,24.84,,,19,23,,,,,,0,0,0,0,0,0,,0,0,1,0.0028,0,0,,0,0,,0,0,,23,1.2385,0,0:06:43,124,8.87
_jqu6JRqpcw,dem0n (24-16) 4408 ELO vs ~3424 ELOs | Anubis | FACEIT CS2 POV + VOICE COMMS,"Sep 7, 2026",1440,10,23.73,,,16,20,,,,,,0,0,0,0,0,0,,0,0,2,0.3492,0,0,,0,0,,0,0,,20,0.9534,0,0:05:41,120,6.67
RxgWm6ZBtgk,HeavyGod (25-14) vs DONK & MAGIXX | Dust2 | FACEIT CS2 POV + VOICE COMMS,"Aug 13, 2026",1236,10,10.64,,,10,10,,,,,,0,0,0,0,0,0,,0,0,2,0.1159,0,0,,0,0,,0,0,,10,0.3651,0,0:02:11,115,5.22
SgLcVCa9Whg,mzinho | 1.59 Rating | MongolZ vs Liquid | Nuke | Semi-final | CAC 2026,"May 22, 2026",1614,10,6.6,,,7,0,,,,,,0,0,0,0,1,0,100,0,0,0,0,0,0,,0,0,,0,0,,10,0.296,0,0:01:46,149,4.03
3Qcc0Ne2IuY,m0NESY (20-10) vs MOLODOY & B1T | Dust2 | FACEIT CS2 POV + VOICE COMMS,"Aug 27, 2026",1311,10,35.38,,,15,19,,,,,,0,0,0,0,1,0,100,0,0,1,0.004,0,0,,0,0,,0,0,,19,1.2926,0,0:07:43,127,3.94
U_yPDddMsx8,karrigan (22-16) 3149 ELO vs ~3185 ELOs | Dust2 | FACEIT CS2 POV + VOICE COMMS,"Sep 15, 2026",1348,10,22.62,,,15,16,,,,,,0,0,0,0,0,0,,0,0,4,0.0304,0,0,,0,0,,0,0,,16,0.8488,0,0:05:04,88,5.68
pR40vJPnNX8,ZywOo (23-9) 3437 ELO vs ~2931 ELOs | cache | FACEIT CS2 POV + VOICE COMMS,"Aug 20, 2026",949,10,8.03,,,7,11,,,,,,0,0,0,0,0,0,,0,0,1,0.0014,0,0,,0,0,,0,0,,11,0.2119,0,0:01:16,84,9.52
kWQcMxsFFCw,jL (21-6) 2.49 Rating POV | Vitality vs 9z | Dust2 | BLAST Open Porto 2026,"Aug 30, 2026",1382,10,13.86,,,13,14,,,,,,0,0,0,0,1,0,100,0,0,2,0.0145,0,0,,0,0,,0,0,,14,0.5331,0,0:03:11,66,10.61
YSPdqSEUQuI,NiKo (22-10) 1.84 Rating POV | Falcons vs Astralis | Ancient | Esports World Cup 2026,"Aug 15, 2026",1422,9,14.61,,,6,9,,,,,,0,0,0,0,0,0,,0,0,0,0,0,0,,0,0,,0,0,,9,0.5194,0,0:03:27,33,15.15
e3hSRnjMCyw,HeavyGod (15-7) vs YEKINDAR & DONK | Mirage | FACEIT CS2 POV + VOICE COMMS,"Aug 29, 2026",794,9,17.68,,,18,33,,,,,,0,0,0,0,1,1,50,0,0,2,0.2423,0,0,,0,0,,0,0,,33,0.3611,0,0:02:20,152,3.95
Qfk6OXo1jIQ,donk (21-10) 1.87 Rating POV | FUT vs Spirit | Nuke | Esports World Cup 2026,"Aug 24, 2026",1421,9,18.2,,,20,24,,,,,,0,0,0,0,0,0,,0,0,2,0.0133,0,0,,0,0,,0,0,,24,0.6536,0,0:04:18,169,5.33
kGBgi1hg1FI,s1mple (22-24) 3719 ELO vs ~3645 ELOs | Mirage | FACEIT CS2 POV + VOICE COMMS,"Sep 13, 2026",1199,9,21.75,,,14,18,,,,,,0,0,0,0,0,0,,0,0,0,0,0,0,,0,0,,0,0,,18,0.6562,0,0:04:20,82,2.44
G9gATcje2hc,910 (20-8) 1.74 Rating POV | MongolZ vs paiN | Inferno | Esports World Cup 2026,"Aug 18, 2026",1366,9,13.41,,,9,12,,,,,,0,0,0,0,0,0,,0,0,2,0.0003,0,0,,0,0,,0,0,,12,0.4595,0,0:03:03,152,5.26
bGjlMRpxb6E,mzinho | 31-15 | 1.95 Rating | The MongolZ vs Aurora | Overpass | PGL Astana 2026,"May 15, 2026",2163,9,26.19,,,9,1,,,,,,0,0,0,0,1,0,100,0,0,1,0.6008,0,0,,0,0,,0,0,,10,1.4182,0,0:09:26,145,3.45
MEZuHwgxPU8,HeavyGod (35-13) 3797 ELO vs ~3254 ELOs | Inferno | FACEIT CS2 POV + VOICE COMMS,"Aug 26, 2026",1696,9,16.71,,,8,9,,,,,,0,0,0,0,1,0,100,0,0,2,0.0132,0,0,,0,0,,0,0,,9,0.7085,0,0:04:43,112,5.36
a2Bi3Lm2iMc,qw1nk1 clutch ACE vs Falcons #cs2 #counterstrike #esportsworldcup2026 #Shorts,"Aug 16, 2026",41,9,77.8,56.25,,10,16,,,,,,0,0,0,0,0,0,,2,0,1,0.0024,0,0,,0,0,,0,0,,16,0.0819,0,0:00:31,178,1.12
T4NyrLXfpCs,ZywOo (18-8) 2.22 Rating POV | Lynn Vision vs Vitality | Dust2 | Esports World Cup 2026,"Aug 18, 2026",1148,8,18.26,,,12,13,,,,,,0,0,0,0,0,0,,0,0,2,0.0988,0,0,,0,0,,0,0,,13,0.4672,0,0:03:29,163,4.29
gQCB00FFfbk,META Nuke Outside Smokes Pros Are Throwing #cs2 #blastporto2026 #utility,"Sep 18, 2026",30,8,73.11,50,,13,18,,,,,,0,0,0,0,0,0,,0,0,2,0.0034,0,0,,0,0,,0,0,,18,0.051,0,0:00:21,101,0
mKrL-AGLArU,Mid Banana Smokes to Take B Control Part 2 (IEM Cologne Major 2026) #cs2 #csgo #counterstrike #cs2i…,"Jul 10, 2026",45,8,42.29,72.73,,10,2,,,,,,0,0,0,0,1,0,100,0,0,6,0.033,0,0,,0,0,,0,0,,12,0.0435,0,0:00:19,99,7.07
jU-vmSwCzQY,m0NESY (21-13) 3991 ELO vs ~3173 ELOs | Mirage | FACEIT CS2 POV + VOICE COMMS,"Sep 3, 2026",994,8,16.46,,,14,16,,,,,,0,0,0,0,1,0,100,0,0,0,0,0,0,,0,0,,0,0,,16,0.3644,0,0:02:43,112,4.46
3vtDF1w0EXI,w0nderful | 1.87 Rating | NAVI vs Vitality | Inferno | IEM Atlanta 2026,"May 16, 2026",1447,8,2.47,,,6,0,,,,,,0,0,0,0,0,0,,0,0,2,0.0062,0,0,,0,0,,0,0,,8,0.0796,0,0:00:35,128,4.69
zBuTU_lCCe8,z4KR's Ancient B site one-man exec #cs2 #blastporto2026 #utility,"Sep 15, 2026",39,8,88.86,61.54,,27,39,,,,,,0,0,0,0,0,0,,0,0,1,0.0047,0,0,,0,0,,0,0,,39,0.0858,0,0:00:34,489,0.2
qEC8Wb5AXjA,s1mple (21-10) vs W0NDERFUL | Mirage | FACEIT CS2 POV + VOICE COMMS,"Sep 9, 2026",1090,8,29.15,,,17,21,,,,,,0,0,0,0,1,0,100,0,0,3,0.0942,0,0,,0,0,,0,0,,20,0.7105,0,0:05:17,121,3.31
oNDxhucecbI,donk (23-9) 2.32 Rating POV | Spirit vs MOUZ | Ancient | BLAST Open Porto 2026,"Sep 7, 2026",1142,8,24.63,,,10,10,,,,,,0,0,0,0,0,0,,0,0,2,0.0265,0,0,,0,0,,0,0,,10,0.6254,0,0:04:41,88,9.09
9DFkyT-EA3w,kyousuke (31-15) 4188 ELO vs ~3262 ELOs | Anubis | FACEIT CS2 POV + VOICE COMMS,"Sep 2, 2026",1136,8,9.46,,,10,14,,,,,,0,0,0,0,0,0,,0,0,1,0.0002,0,0,,0,0,,0,0,,14,0.2401,0,0:01:47,79,7.59
 -mNhy2YCIlQ,xfl0ud (25-14) 1.62 Rating POV | FUT vs Spirit | Cache | Esports World Cup 2026,"Aug 24, 2026",1606,7,18.55,,,11,11,,,,,,0,0,0,0,1,0,100,0,0,1,0.0008,0,0,,0,0,,0,0,,11,0.5814,0,0:04:57,99,5.05
VKOFSZ4Bks4,zont1x shuts down Liquid's push with a 4K on Anubis #cs2 #csgo #counterstrike #cs2anubis #Shorts,"Aug 4, 2026",48,7,47.75,53.85,,10,11,,,,,,0,0,0,0,3,0,100,0,0,1,0.0005,0,0,,0,0,,0,0,,11,0.0463,0,0:00:22,111,1.8
nqDhXF-KMFI,donk (34-10) 4773 ELO vs ~3202 ELOs | Ancient | FACEIT CS2 POV + VOICE COMMS,"Sep 15, 2026",1159,7,9.52,,,12,16,,,,,,0,0,0,0,0,0,,0,0,2,0.0453,0,0,,0,0,,0,0,,15,0.2155,0,0:01:50,71,9.86
2wDEdzgbXhw,All Variations of the Nuke Vent Smoke used during CAC 2026 #cs2 #csgo #counterstrike,"Jun 3, 2026",69,7,43.47,54.55,,12,1,,,,,,0,0,0,0,2,0,100,0,0,5,0.0104,0,0,,0,0,,0,0,,12,0.0603,0,0:00:29,179,2.23
KyJLFCXfjjY,4K? Easy for NiKo vs Legacy #cs2 #counterstrike #blastopenporto2026,"Sep 4, 2026",21,6,116.34,54.55,,14,20,,,,,,0,0,0,0,0,0,,0,0,5,0.0111,0,0,,0,0,,0,0,,20,0.0434,0,0:00:24,114,0
HzLtjzB7yfI,s1mple (14-4) 3629 ELO vs ~1256 ELOs | Inferno | FACEIT CS2 POV,"Sep 16, 2026",765,6,18.38,,,8,10,,,,,,0,0,0,0,1,0,100,0,0,1,0.0019,0,0,,0,0,,0,0,,10,0.2374,0,0:02:20,73,6.85
XCmhxKev2J4,donk | 2.07 Rating | Spirit vs MOUZ | Nuke | Semi-final | PGL Astana 2026,"May 16, 2026",1064,6,38.76,,,6,0,,,,,,0,0,0,0,1,0,100,0,0,2,0.5909,0,0,,0,0,,0,0,,6,0.6873,0,0:06:52,120,2.5
b9Zd8gPf1sA,m0NESY (21-11) 1.68 Rating POV | Legacy vs Falcons | Ancient | BLAST Open Porto 2026,"Aug 31, 2026",1741,6,21.99,,,14,19,,,,,,0,0,0,0,1,0,100,0,0,0,0,0,0,,0,0,,0,0,,19,0.6462,0,0:06:22,105,4.76
FjPNdQIFqOM,iM | 1.41 Rating | GL vs NAVI | Anubis | Grand final | IEM Atlanta 2026,"May 19, 2026",1872,6,12.16,,,7,4,,,,,,0,0,0,0,1,0,100,0,0,0,0,0,0,,0,0,,0,0,,7,0.3823,0,0:03:47,157,3.18
cYwKqNW9mCk,donk (24-10) 2.34 Rating POV | Spirit vs DENDELE | Cache | BLAST Open Porto 2026,"Aug 27, 2026",1575,6,25.92,,,14,20,,,,,,0,0,0,0,0,0,,0,0,1,0.269,0,0,,0,0,,0,0,,20,0.6837,0,0:06:48,98,4.08
QRdw_iEyGOY,donk (25-13) 1.50 Rating POV | Spirit vs FURIA | Ancient | BLAST Open Porto 2026,"Sep 1, 2026",1611,6,9.2,,,8,8,,,,,,0,0,0,0,1,0,100,0,0,2,0.1544,0,0,,0,0,,0,0,,8,0.2473,0,0:02:28,83,4.82
waeP74VV4Dg,z4KR's 4K against Falcons #cs2 #counterstrike #blastopenporto2026,"Aug 31, 2026",70,6,52.78,50,,8,17,,,,,,0,0,0,0,0,0,,0,0,0,0,0,0,,0,0,,0,0,,17,0.0649,0,0:00:36,96,4.17
lhPTYWwVwV8,xertioN | 1.19 Rating | Falcons vs MOUZ | Mirage | Semi-final | CAC 2026,"May 30, 2026",1305,6,8.28,,,4,3,,,,,,0,0,0,0,0,0,,0,0,0,0,0,0,,0,0,,0,0,,6,0.18,0,0:01:48,259,1.93
WxVo_VdVrbg,NiKo's Insane Site Defense - 2v5 Clutch vs G2 #cs2 #counterstrike #blastopenporto2026,"Sep 6, 2026",38,6,63.68,75,,11,16,,,,,,0,0,0,0,1,0,100,0,0,2,0.0119,0,0,,0,0,,0,0,,16,0.042,0,0:00:24,142,1.41
2hO4WOEzCMg,donk (29-8) 4726 ELO vs ~3350 ELOs | Mirage | FACEIT CS2 POV + VOICE COMMS,"Sep 17, 2026",1137,6,18.32,,,6,9,,,,,,0,0,0,0,1,0,100,0,0,4,0.0128,0,0,,0,0,,0,0,,9,0.349,0,0:03:28,62,8.06
XVWTMmmaDaw,donk (26-16) 4727 ELO vs ~3308 ELOs | Mirage | FACEIT CS2 POV + VOICE COMMS,"Sep 16, 2026",1208,5,36.79,,,9,11,,,,,,0,0,0,0,0,0,,0,0,1,0.2778,0,0,,0,0,,0,0,,11,0.6185,0,0:07:24,58,3.45
0R9OAq4kK_w,Flashes to Retake B on Inferno (CAC 2026)  #cs2 #csgo #counterstrike #cs2inferno,"Jun 4, 2026",53,5,41.53,71.43,,7,0,,,,,,0,0,0,0,3,0,100,0,0,1,0.0002,0,0,,0,0,,0,0,,8,0.0318,0,0:00:22,119,0
UWOvqxdz26Y,FUT couldn't stop latto's ACE #cs2 #counterstrike #blastopenporto2026,"Sep 5, 2026",24,5,118.01,29.41,,15,21,,,,,,0,0,0,0,1,0,100,0,0,3,0.0017,0,0,,0,0,,0,0,,21,0.0453,0,0:00:28,51,3.92
jq44ONGPKaM,m0NESY (22-8) 1.97 Rating POV | Falcons vs K27 | Dust2 | Esports World Cup 2026,"Aug 15, 2026",1575,5,21.06,,,5,5,,,,,,0,0,0,0,0,0,,0,0,0,0,0,0,,0,0,,0,0,,5,0.4607,0,0:05:31,69,7.25
4Ult2PtMmQw,m0NESY (29-13) 3933 ELO vs ~3361 ELOs | Anubis | FACEIT CS2 POV + VOICE COMMS,"Sep 3, 2026",1127,5,16.76,,,7,9,,,,,,0,0,0,0,0,0,,0,0,0,0,0,0,,0,0,,0,0,,9,0.2627,0,0:03:08,78,5.13
auuG7Q8E3YM,cmtry's 4K against Lynn Vision #cs2 #counterstrike #blastopenporto2026,"Sep 1, 2026",25,5,65.29,45.45,,15,20,,,,,,0,0,0,0,0,0,,0,0,5,0.0079,0,0,,0,0,,0,0,,20,0.0266,0,0:00:16,191,0.52
5tJ3lwrjzOc,huNter drops an ACE against Falcons #cs2 #counterstrike #blastopenporto2026,"Sep 6, 2026",51,5,43.87,71.43,,7,9,,,,,,0,0,0,0,1,0,100,0,0,1,0.0006,0,0,,0,0,,0,0,,9,0.0321,0,0:00:22,21,4.76
4scFnHG0CAw,bLitz's 5K against faze on Mirage #cs2 #csgo #counterstrike #cs2mirage #Shorts,"Aug 2, 2026",30,5,82.71,41.67,,7,11,,,,,,0,0,0,0,2,0,100,0,0,4,0.0118,0,0,,0,0,,0,0,,11,0.0362,0,0:00:24,27,0
XUSgZoIyCDA,Pros Use These Window Smoke on Mirage during CAC 2026 (Part 4) #csgo #cs2 #counterstrike #cs2mirage,"Jun 24, 2026",44,5,24.35,33.33,,11,0,,,,,,0,0,0,0,2,0,100,0,0,2,0.0029,0,0,,0,0,,0,0,,11,0.0169,0,0:00:10,255,0.39
UkBflptm6fw,s1mple (20-19) vs SIRAH | Mirage | FACEIT CS2 POV + VOICE COMMS,"Sep 12, 2026",913,5,37.61,,,14,21,,,,,,0,0,0,0,0,0,,0,0,0,0,0,0,,0,0,,0,0,,21,0.4797,0,0:05:43,92,3.26
yJ9x5N3h6iU,m0NESY (23-15) 1.31 Rating POV | Spirit vs Falcons | Ancient | BLAST Open Porto 2026,"Sep 6, 2026",2016,5,17.03,,,11,12,,,,,,0,0,0,0,1,0,100,1,0,0,0,0,0,,0,0,,0,0,,12,0.4791,0,0:05:43,97,2.06
FRUFCDzuc6A,s1mple (19-15) 3748 ELO vs ~3543 ELOs | Dust2 | FACEIT CS2 POV + VOICE COMMS,"Sep 13, 2026",1257,4,51.22,,,5,9,,,,,,0,0,0,0,0,0,,0,0,0,0,0,0,,0,0,,0,0,,9,0.7172,0,0:10:43,65,1.54
SK4fA7FsHn0,Mirage Market Smoke Variations For B Push And Retake Defense (CAC 2026) Part 2,"Jun 21, 2026",47,4,77.97,40,,5,0,,,,,,0,0,0,0,2,0,100,0,0,7,0.033,0,0,,0,0,,0,0,,10,0.043,0,0:00:36,253,0
33iGx6VuoNc,s1mple (15-14) 3598 ELO vs ~3375 ELOs | Cache | FACEIT CS2 POV,"Sep 17, 2026",1340,4,25.25,,,8,8,,,,,,0,0,0,0,0,0,,0,0,0,0,0,0,,0,0,,0,0,,8,0.3791,0,0:05:38,86,3.49
WvNlAiwWWQs,cmtry's Anubis A site one-man exec #cs2 #blastporto2026 #utility,"Sep 15, 2026",36,4,63.28,57.14,,7,9,,,,,,0,0,0,0,1,0,100,0,0,0,0,0,0,,0,0,,0,0,,9,0.0267,0,0:00:22,96,1.04
APfcMJSul_o,s1mple (25-16) 3719 ELO vs ~3329 ELOs | mirage | FACEIT CS2 POV + VOICE COMMS,"Sep 10, 2026",1275,3,5.67,,,8,11,,,,,,0,0,0,0,1,0,100,0,0,1,0.0072,0,0,,0,0,,0,0,,11,0.0633,0,0:01:12,92,2.17
OWNqmhf4BKk,JBa's Mirage A site one-man exec #cs2 #blastporto2026 #utility,"Sep 9, 2026",39,3,85.21,75,,8,11,,,,,,0,0,0,0,0,0,,0,0,1,0.0064,0,0,,0,0,,0,0,,11,0.0289,0,0:00:33,115,0.87
GV1lL7zjiOo,m0NESY looking feral - ACE against Lynn Vision #cs2 #counterstrike #blastopenporto2026,"Aug 31, 2026",46,3,3283.54,75,,5,10,,,,,,0,0,0,0,0,0,,0,0,0,0,0,0,,0,0,,0,0,,10,1.2598,0,0:25:10,57,1.75
AEUszifQ1Wk,donk (21-7) 1.86 Rating POV | Vitality vs Spirit | Mirage | Esports World Cup 2026,"Aug 22, 2026",1289,3,0.32,,,4,4,,,,,,0,0,0,0,0,0,,0,0,0,0,0,0,,0,0,,0,0,,4,0.0042,0,0:00:04,91,1.1
keGvOCwAQUQ,donk | 1.90 Rating | Spirit vs MOUZ | Dust2 | Semi-final | PGL Astana 2026,"May 16, 2026",1137,3,46.47,,,4,1,,,,,,0,0,0,0,0,0,,0,0,2,0.4338,0,0,,0,0,,0,0,,4,0.4399,0,0:08:47,115,0.87
KpTc01gK-x8,ZywOo (20-9) 1.86 Rating POV | Vitality vs 9z | Nuke | BLAST Open Porto 2026,"Aug 30, 2026",1346,3,3.05,,,12,15,,,,,,0,0,0,0,0,0,,0,0,4,0.0334,0,0,,0,0,,0,0,,15,0.0377,0,0:00:41,90,3.33
WwAx3AAP0_w,donk (15-15) 4731 ELO vs ~2888 ELOs | Dust2 | FACEIT CS2 POV,"Sep 17, 2026",905,3,33.52,,,4,5,,,,,,0,0,0,0,0,0,,0,0,1,0.0011,0,0,,0,0,,0,0,,5,0.2537,0,0:05:03,59,3.39
P0tZm5Hbpko,ZywOo (25-10) 2.21 Rating POV | FaZe vs Vitality | Cache | Esports World Cup 2026,"Aug 21, 2026",1298,2,19.43,,,5,6,,,,,,0,0,0,0,0,0,,0,0,0,0,0,0,,0,0,,0,0,,6,0.1412,0,0:04:12,75,1.33
TfU6YVnVeVU,poiii | 100 Thieves vs Falcons | Dust2 | BLAST Bounty 2026 S2 | W/ Inputs + Util Overlay,,1699,1,28.41,,,1,0,,,,,,0,0,0,0,0,0,,0,0,0,0,0,0,,0,0,,0,0,,1,0.1341,0,0:08:02,0,
JVCv52zuOgo,m0NESY (22-12) 3902 ELO vs ~3450 ELOs | Mirage | FACEIT CS2 POV + VOICE COMMS,"Aug 29, 2026",1139,1,0.62,,,5,6,,,,,,0,0,0,0,0,0,,0,0,0,0,0,0,,0,0,,0,0,,6,0.0042,0,0:00:07,95,1.05
iBE5sxdYJb0,donk (25-13) 4747 ELO vs ~3370 ELOs | Ancient | FACEIT CS2 POV + VOICE COMMS,"Sep 14, 2026",982,1,0.17,,,4,6,,,,,,0,0,0,0,0,0,,0,0,0,0,0,0,,0,0,,0,0,,6,0.0026,0,0:00:01,74,1.35
1bmqxfw1H50,donk (31-16) 4717 ELO vs ~3300 ELOs | Dust2 | FACEIT CS2 POV + VOICE COMMS,"Sep 12, 2026",1435,0,,,,3,3,,,,,,0,0,0,0,0,0,,0,0,0,0,0,0,,0,0,,0,0,,3,0.0018,0,,64,0
