Date,Engaged views
2025-09-24,0
2025-09-25,0
2025-09-26,0
2025-09-27,0
2025-09-28,0
2025-09-29,0
2025-09-30,0
2025-10-01,0
2025-10-02,0
2025-10-03,0
2025-10-04,0
2025-10-05,0
2025-10-06,0
2025-10-07,0
2025-10-08,0
2025-10-09,0
2025-10-10,0
2025-10-11,0
2025-10-12,0
2025-10-13,0
2025-10-14,0
2025-10-15,0
2025-10-16,0
2025-10-17,0
2025-10-18,0
2025-10-19,0
2025-10-20,0
2025-10-21,0
2025-10-22,0
2025-10-23,0
2025-10-24,0
2025-10-25,0
2025-10-26,0
2025-10-27,0
2025-10-28,0
2025-10-29,0
2025-10-30,0
2025-10-31,0
2025-11-01,0
2025-11-02,0
2025-11-03,0
2025-11-04,0
2025-11-05,0
2025-11-06,0
2025-11-07,0
2025-11-08,0
2025-11-09,0
2025-11-10,0
2025-11-11,0
2025-11-12,0
2025-11-13,0
2025-11-14,0
2025-11-15,0
2025-11-16,0
2025-11-17,0
2025-11-18,0
2025-11-19,0
2025-11-20,0
2025-11-21,0
2025-11-22,0
2025-11-23,0
2025-11-24,0
2025-11-25,0
2025-11-26,0
2025-11-27,0
2025-11-28,0
2025-11-29,0
2025-11-30,0
2025-12-01,0
2025-12-02,0
2025-12-03,0
2025-12-04,0
2025-12-05,0
2025-12-06,0
2025-12-07,0
2025-12-08,0
2025-12-09,0
2025-12-10,0
2025-12-11,0
2025-12-12,0
2025-12-13,0
2025-12-14,0
2025-12-15,0
2025-12-16,0
2025-12-17,0
2025-12-18,0
2025-12-19,0
2025-12-20,0
2025-12-21,0
2025-12-22,0
2025-12-23,0
2025-12-24,0
2025-12-25,0
2025-12-26,0
2025-12-27,0
2025-12-28,0
2025-12-29,0
2025-12-30,0
2025-12-31,0
2026-01-01,0
2026-01-02,0
2026-01-03,0
2026-01-04,0
2026-01-05,0
2026-01-06,0
2026-01-07,0
2026-01-08,0
2026-01-09,0
2026-01-10,0
2026-01-11,0
2026-01-12,0
2026-01-13,0
2026-01-14,0
2026-01-15,0
2026-01-16,0
2026-01-17,0
2026-01-18,0
2026-01-19,0
2026-01-20,0
2026-01-21,0
2026-01-22,0
2026-01-23,0
2026-01-24,0
2026-01-25,0
2026-01-26,0
2026-01-27,0
2026-01-28,0
2026-01-29,0
2026-01-30,0
2026-01-31,0
2026-02-01,0
2026-02-02,0
2026-02-03,0
2026-02-04,0
2026-02-05,0
2026-02-06,0
2026-02-07,0
2026-02-08,0
2026-02-09,0
2026-02-10,0
2026-02-11,0
2026-02-12,0
2026-02-13,0
2026-02-14,0
2026-02-15,0
2026-02-16,0
2026-02-17,0
2026-02-18,0
2026-02-19,0
2026-02-20,0
2026-02-21,0
2026-02-22,0
2026-02-23,0
2026-02-24,0
2026-02-25,0
2026-02-26,0
2026-02-27,0
2026-02-28,0
2026-03-01,0
2026-03-02,0
2026-03-03,0
2026-03-04,0
2026-03-05,0
2026-03-06,0
2026-03-07,0
2026-03-08,0
2026-03-09,0
2026-03-10,0
2026-03-11,0
2026-03-12,0
2026-03-13,0
2026-03-14,0
2026-03-15,0
2026-03-16,0
2026-03-17,0
2026-03-18,0
2026-03-19,0
2026-03-20,0
2026-03-21,0
2026-03-22,0
2026-03-23,0
2026-03-24,0
2026-03-25,0
2026-03-26,0
2026-03-27,0
2026-03-28,0
2026-03-29,0
2026-03-30,0
2026-03-31,0
2026-04-01,0
2026-04-02,0
2026-04-03,0
2026-04-04,0
2026-04-05,0
2026-04-06,0
2026-04-07,0
2026-04-08,0
2026-04-09,0
2026-04-10,0
2026-04-11,0
2026-04-12,0
2026-04-13,0
2026-04-14,0
2026-04-15,0
2026-04-16,0
2026-04-17,0
2026-04-18,0
2026-04-19,0
2026-04-20,0
2026-04-21,0
2026-04-22,0
2026-04-23,0
2026-04-24,0
2026-04-25,0
2026-04-26,0
2026-04-27,0
2026-04-28,0
2026-04-29,0
2026-04-30,0
2026-05-01,0
2026-05-02,0
2026-05-03,0
2026-05-04,0
2026-05-05,0
2026-05-06,0
2026-05-07,0
2026-05-08,0
2026-05-09,0
2026-05-10,0
2026-05-11,0
2026-05-12,0
2026-05-13,0
2026-05-14,7
2026-05-15,5
2026-05-16,9
2026-05-17,8
2026-05-18,16
2026-05-19,23
2026-05-20,30
2026-05-21,37
2026-05-22,38
2026-05-23,20
2026-05-24,59
2026-05-25,43
2026-05-26,61
2026-05-27,55
2026-05-28,68
2026-05-29,64
2026-05-30,51
2026-05-31,50
2026-06-01,44
2026-06-02,43
2026-06-03,570
2026-06-04,220
2026-06-05,340
2026-06-06,766
2026-06-07,388
2026-06-08,824
2026-06-09,2391
2026-06-10,662
2026-06-11,1238
2026-06-12,963
2026-06-13,1205
2026-06-14,742
2026-06-15,591
2026-06-16,758
2026-06-17,926
2026-06-18,267
2026-06-19,739
2026-06-20,742
2026-06-21,161
2026-06-22,796
2026-06-23,443
2026-06-24,816
2026-06-25,837
2026-06-26,376
2026-06-27,489
2026-06-28,446
2026-06-29,775
2026-06-30,1668
2026-07-01,1363
2026-07-02,1099
2026-07-03,1238
2026-07-04,695
2026-07-05,521
2026-07-06,508
2026-07-07,915
2026-07-08,967
2026-07-09,1161
2026-07-10,666
2026-07-11,841
2026-07-12,390
2026-07-13,785
2026-07-14,295
2026-07-15,627
2026-07-16,382
2026-07-17,467
2026-07-18,443
2026-07-19,430
2026-07-20,455
2026-07-21,401
2026-07-22,256
2026-07-23,508
2026-07-24,350
2026-07-25,495
2026-07-26,129
2026-07-27,177
2026-07-28,193
2026-07-29,243
2026-07-30,198
2026-07-31,131
2026-08-01,89
2026-08-02,1236
2026-08-03,617
2026-08-04,344
2026-08-05,264
2026-08-06,143
2026-08-07,88
2026-08-08,40
2026-08-09,46
2026-08-10,48
2026-08-11,585
2026-08-12,908
2026-08-13,689
2026-08-14,702
2026-08-15,1032
2026-08-16,974
2026-08-17,1034
2026-08-18,1553
2026-08-19,1668
2026-08-20,1003
2026-08-21,1317
2026-08-22,1783
2026-08-23,2331
2026-08-24,1274
2026-08-25,989
2026-08-26,1368
2026-08-27,956
2026-08-28,1748
2026-08-29,1096
2026-08-30,128
2026-08-31,90
2026-09-01,97
2026-09-02,113
2026-09-03,89
2026-09-04,44
2026-09-05,57
2026-09-06,71
2026-09-07,123
2026-09-08,117
2026-09-09,73
2026-09-10,66
2026-09-11,61
2026-09-12,46
2026-09-13,83
2026-09-14,78
2026-09-15,82
2026-09-16,61
2026-09-17,69
2026-09-18,49
2026-09-19,76
2026-09-20,53
2026-09-21,53
2026-09-22,395
2026-09-23,111
